link,job_name_searched,date,platform
https://www.indeed.com/rc/clk?jk=98523e9b2ae5d0f5&fccid=2f3def2271c379a3&vjs=3,machine learning engineer,2023-07-14,indeed
https://www.indeed.com/company/Altarey/jobs/Machine-Learning-Engineer-67caa563eb1295b8?fccid=a8c7636415cd0a7f&vjs=3,machine learning engineer,2023-07-14,indeed
https://www.indeed.com/rc/clk?jk=43e3627703dfbf50&fccid=578c2ce08a4e9823&vjs=3,machine learning engineer,2023-07-14,indeed
https://www.indeed.com/rc/clk?jk=31d0146c527e8506&fccid=a5b4499d9e91a5c6&vjs=3,machine learning engineer,2023-07-14,indeed
https://www.indeed.com/company/Plaxonic-Technologies-Inc./jobs/Machine-Learning-Engineer-d595cda27708226f?fccid=1d747e56a71bcfed&vjs=3,machine learning engineer,2023-07-14,indeed
https://www.indeed.com/pagead/clk?mo=r&ad=-6NYlbfkN0CjzjDqO3L2Zh_DXtxwMZV2eam8-AsDqrfjYcwWe19H_-DHhvES74i7Kc98ttcNKwyKL1sm6vMU4qMZAce1onS_zuV98HKhxCxt7Asgqqs5NtpTbbrsVTot6ygu14AXNHB1RxPCLggA1BNi6K2thvz8m299C37kaHOZdum4G_y3YD2jswcDspNvZkUB-00U0zxDxeGU8D0g06me7UdEYd9HfpaCT5BzjiLXD5Vr8rm6EBaB4LUtmxotc1wyxBO-FQ5NrY63PB3aVH7wrALe0sAEF5LhFfw9YHuH83fHSFKNLRMkLtg5pNYKmoJMS-yo4PRpVe1obaYHS9Qfw2vK9oWbnEbnw_9Gc8yAB9hvOL11xeXJUC5x8fer--OcBdohvkrdN48ixPQke8GQZaHguCLAnKbJ5qKHRdN2BtHzgHNcLFdmsR1p6ck6uq9oYCgfvd7vsyrzDChvA1Q69N6etr1e8VmcB2p9kUPJ9H02YBe15Q==&xkcb=SoC3-_M3Nry8zn2ZlZ0ObzkdCdPP&p=5&fvj=0&vjs=3,machine learning engineer,2023-07-14,indeed
https://www.indeed.com/rc/clk?jk=1c7bb8f30533dfa8&fccid=c267f29f0f85e8b8&vjs=3,machine learning engineer,2023-07-14,indeed
https://www.indeed.com/rc/clk?jk=9b1507c4f5ca0346&fccid=66403b30a2c0d89c&vjs=3,machine learning engineer,2023-07-14,indeed
https://www.indeed.com/rc/clk?jk=e6d725dcfe8f06eb&fccid=7655fb7543c6cbbf&vjs=3,machine learning engineer,2023-07-14,indeed
https://www.indeed.com/rc/clk?jk=fb534e54ec2068b7&fccid=ba07516c418dda52&vjs=3,machine learning engineer,2023-07-14,indeed
https://www.indeed.com/rc/clk?jk=6a8a5c71133658ed&fccid=c1099851e9794854&vjs=3,machine learning engineer,2023-07-14,indeed
https://www.indeed.com/rc/clk?jk=825fbf42e1b186c7&fccid=c762a27145bd166e&vjs=3,machine learning engineer,2023-07-14,indeed
https://www.indeed.com/rc/clk?jk=683c4c8a019b93ab&fccid=621355d16566db19&vjs=3,machine learning engineer,2023-07-14,indeed
https://www.indeed.com/rc/clk?jk=9602b9835c0bb82e&fccid=950d929bfc551385&vjs=3,machine learning engineer,2023-07-14,indeed
https://www.indeed.com/rc/clk?jk=eec4d9f6e48225c4&fccid=a5b4499d9e91a5c6&vjs=3,machine learning engineer,2023-07-14,indeed
https://www.indeed.com/rc/clk?jk=ab2c19ae7adc180f&fccid=4027cfd917e1ee29&vjs=3,data scientist,2023-07-14,indeed
https://www.indeed.com/rc/clk?jk=84ef5e0b618de04f&fccid=5a3a821caf20dc9c&vjs=3,data scientist,2023-07-14,indeed
https://www.indeed.com/pagead/clk?mo=r&ad=-6NYlbfkN0BWQs_M7ZA8XLbIFWVw-PYcVVEPryqVLyWhKaEKPskHy2YkbHyHJDwB_nHc5A6JaMQyOVt6T7DzKXw85oX7_JGxmR5g0IslylXTgEEwVFxCB_ltUzJxanGSRDd2b2l0Mnd-KkvYM-p6JjWstGi-_z0Wc6shwgGy_qXfXWWnZLlmzVwIgH99IyFLtwMwmD61sOWsci6lm1WTWBBzPGvnRDSCBLRk0iH32zxI-awOFqwZ5c28EffDmGykWmu0DUQmoMMAmTZA5vG0W6M4VMRL5393xLOZh_9hrkgg1E49ady-bWtdaRC_Cwu0RDNgBMi7R806kGV1TvdBIz3PaiHIBIy5EDdG1urm5I0rOM8jdviBo5PdoaCimoqvkJayYNBKEFSlhq0DJPecRS1Q-ckB8SGe8UJmb80534UE7tn_bNhomohuDFMS7pMFUdYTFU7NsPQew9GHb7ZtY9d4rrX_bSTUdAiZckKKUkV-dTvkkPWURk0qXtHLh1CsFR9AoxYwnlNfhLvZOIQahuu628Jg_kYaiyjRD2hreyHIEu-f1wYmsqLix2Y9LWjUsIp05yuSq5BZxnN24i8xrf-VebQU1Gbev1g7-y1Y-ybKsjHUcHmauakctktoiW_8neBDiSdXsK_Re43k3ln9m8DTPmkjYaj-uWmRiRZ5zHNQkFFSnrFyp9n9Vh1pKDisvmfhlnqvf7zg_P4gFRlKqMnc4W6PsON7lgH5KGS7PFGOz_PMMmxi-qwrRXpezwLeoSAuODsQa-NU_W76wzLwjhO0rK4euFgDcaASim1JyB3bC3nW-VAEBO2n7hwssDQ3ECLe3zuv3AW9hRtT2EWZtra4EdnZcOx-kJtE8Izb4BQu4zbNfNwYK1HK3t9_w61yN6I9IzlAXnq-bXBNpmWbwldFucDd1VD6C-_J5EZZNjts4mlix4nvVbDwG8w3Hawc10KRUZt6nAOgFyw1muDqeS7BE29QETEKLLZcisuwULsPHvDlMBs8CPQQCFynCVZNXoFvfqqfyxT9Vr_xsKFHuTSQ84tpl6EwRCx2FzF9qZQeSDgt9Lho8_juXlkudKnxt0YGtzV3eGYlPiJZ_EA9lzG8t2w_XB3JyrPw7BN6AjiuYh8_D3orEQ==&xkcb=SoAW-_M3Nry7kfTajR0JbzkdCdPP&p=2&fvj=0&vjs=3,data scientist,2023-07-14,indeed
https://www.indeed.com/company/hire-IT-people/jobs/Data-Scientist-8ca71e3235f42d17?fccid=339fc89548d64eee&vjs=3,data scientist,2023-07-14,indeed
https://www.indeed.com/rc/clk?jk=6fb3522bf7692838&fccid=58476d2e8b9c7544&vjs=3,data scientist,2023-07-14,indeed
https://www.indeed.com/rc/clk?jk=e1e18c20a95cccbf&fccid=f4eda78c30846a55&vjs=3,data scientist,2023-07-14,indeed
https://www.indeed.com/rc/clk?jk=e4e822f665dcba9e&fccid=8cb7f5ab9bddd603&vjs=3,data scientist,2023-07-14,indeed
https://www.indeed.com/rc/clk?jk=be3c6e1383ba46f8&fccid=32a12c443d68c9ff&vjs=3,data scientist,2023-07-14,indeed
https://www.indeed.com/company/Digital-Harbor/jobs/Senior-Data-Scientist-28d5437849a0c1a2?fccid=497df0b82b23db91&vjs=3,data scientist,2023-07-14,indeed
https://www.indeed.com/company/Inclusively/jobs/Senior-Data-Scientist-2a3f2fb96745e826?fccid=ef49cdc7b08c5254&vjs=3,data scientist,2023-07-14,indeed
https://www.indeed.com/rc/clk?jk=1fcea5e96f4ac52c&fccid=b3aa4996c5af0730&vjs=3,data scientist,2023-07-14,indeed
https://www.indeed.com/rc/clk?jk=9f74e50ee7fa37b2&fccid=f9af5aebcecd8ef2&vjs=3,data scientist,2023-07-14,indeed
https://www.indeed.com/company/Emonics/jobs/Data-Scientist-a1d51a4baa739ef7?fccid=b3b4a6a45c149841&vjs=3,data scientist,2023-07-14,indeed
https://www.indeed.com/rc/clk?jk=af5ddfb93c43cddf&fccid=4ed03476a1620afb&vjs=3,data scientist,2023-07-14,indeed
https://www.indeed.com/rc/clk?jk=7d96b5d6583de053&fccid=71ce6fb088b35faf&vjs=3,data scientist,2023-07-14,indeed
https://www.indeed.com/rc/clk?jk=a7ad8fbbff5ba95d&fccid=578c2ce08a4e9823&vjs=3,data scientist,2023-07-14,indeed
https://www.indeed.com/rc/clk?jk=385feaf1ccb207a3&fccid=ba07516c418dda52&vjs=3,data scientist,2023-07-14,indeed
https://www.indeed.com/rc/clk?jk=1e9cd9828e9055c8&fccid=7992c5acaa918e78&vjs=3,data scientist,2023-07-14,indeed
https://www.indeed.com/rc/clk?jk=763cde0599f77d61&fccid=edae4285faf6c2f0&vjs=3,data scientist,2023-07-14,indeed
https://www.indeed.com/rc/clk?jk=c9be271ec1753e51&fccid=3da569ef4f168e3d&vjs=3,data scientist,2023-07-14,indeed
https://www.indeed.com/rc/clk?jk=21ead1ae1cb83056&fccid=4d297a7bcd1c7be4&vjs=3,data scientist,2023-07-14,indeed
https://www.indeed.com/company/THEMESOFT/jobs/Data-Scientist-dd51baa6e5b45d9b?fccid=add00ccb9ea1b563&vjs=3,data scientist,2023-07-14,indeed
https://www.indeed.com/rc/clk?jk=7e3f8011516e2d91&fccid=0e8f04b45c1591f5&vjs=3,data scientist,2023-07-14,indeed
https://www.indeed.com/rc/clk?jk=30f9d25192ff1d0c&fccid=a8851719c7ba7f98&vjs=3,data scientist,2023-07-14,indeed
https://www.indeed.com/rc/clk?jk=aa00b6b6a40c0329&fccid=fdcf980c211a3f6d&vjs=3,data scientist,2023-07-14,indeed
https://www.indeed.com/rc/clk?jk=b66428260cc1024e&fccid=9784ae78e9834539&vjs=3,data scientist,2023-07-14,indeed
https://www.indeed.com/rc/clk?jk=b3c3fd19d6d1ebda&fccid=d05ec306668fbf92&vjs=3,data scientist,2023-07-14,indeed
https://www.indeed.com/rc/clk?jk=306c1ac9674a25d6&fccid=204c8e2f615ab5bb&vjs=3,data scientist,2023-07-14,indeed
https://www.indeed.com/rc/clk?jk=3575409380f97fd8&fccid=16e6243c36cb014b&vjs=3,data scientist,2023-07-14,indeed
https://www.indeed.com/rc/clk?jk=f8f3c28873da9940&fccid=3362105a31d2b876&vjs=3,data scientist,2023-07-14,indeed
https://www.indeed.com/rc/clk?jk=390563e6ebe69fc9&fccid=29efea1158b643d0&vjs=3,data scientist,2023-07-14,indeed
"https://www.indeed.com/company/VMR-Strategic-Solutions,-LLC/jobs/Data-Scientist-968821fd73461a79?fccid=7a14bb8a3e865225&vjs=3",data scientist,2023-07-14,indeed
https://www.indeed.com/rc/clk?jk=957040fbb5b8d090&fccid=578c2ce08a4e9823&vjs=3,data scientist,2023-07-14,indeed
https://www.indeed.com/rc/clk?jk=7b2a9af88313b1d6&fccid=8f3c0373bcfa5520&vjs=3,data scientist,2023-07-14,indeed
https://www.indeed.com/rc/clk?jk=669962138513c802&fccid=f511c48ddba039bf&vjs=3,data scientist,2023-07-14,indeed
https://www.indeed.com/rc/clk?jk=c7fb08fcef3408ba&fccid=caed318a9335aac0&vjs=3,data scientist,2023-07-14,indeed
https://www.indeed.com/rc/clk?jk=31ba6569a8c1b644&fccid=d28b18be62aeef28&vjs=3,data scientist,2023-07-14,indeed
https://www.indeed.com/rc/clk?jk=62995259163cb0e6&fccid=9c05e44275709723&vjs=3,data scientist,2023-07-14,indeed
https://www.indeed.com/company/Konnectingtree.Inc/jobs/Data-Scientist-6e3e556c5751a023?fccid=374491d16f82796a&vjs=3,data scientist,2023-07-14,indeed
https://www.indeed.com/rc/clk?jk=eadd5deef4311f05&fccid=16ea4240a5e3a1d7&vjs=3,data scientist,2023-07-14,indeed
https://www.indeed.com/company/Vision/jobs/Data-Scientist-85486bbbd4cae69c?fccid=c803b4b45f85b24e&vjs=3,data scientist,2023-07-14,indeed
https://www.indeed.com/rc/clk?jk=bf64998980d8dec8&fccid=4e041af1d0af1bc8&vjs=3,data scientist,2023-07-14,indeed
https://www.indeed.com/rc/clk?jk=95522cb27793e441&fccid=8765a4045377753a&vjs=3,data scientist,2023-07-14,indeed
https://www.indeed.com/rc/clk?jk=135ae6924528ad34&fccid=d576b5b1f45626a0&vjs=3,data scientist,2023-07-14,indeed
https://www.indeed.com/rc/clk?jk=8d41f9dbc59ea5db&fccid=4b37371ef41652f8&vjs=3,data scientist,2023-07-14,indeed
https://www.indeed.com/rc/clk?jk=d850e0d1ec3b6faa&fccid=68ce5c21322a81a4&vjs=3,data scientist,2023-07-14,indeed
https://www.indeed.com/rc/clk?jk=f90fb7163dc763b1&fccid=9e215d88a6b33622&vjs=3,data scientist,2023-07-14,indeed
https://www.indeed.com/rc/clk?jk=d4eb875c45990a13&fccid=2fdfd060fabdfb04&vjs=3,data scientist,2023-07-14,indeed
https://www.indeed.com/rc/clk?jk=a4ffd1bb2bb5ab40&fccid=212b3e869c8a74cb&vjs=3,data scientist,2023-07-14,indeed
https://www.indeed.com/rc/clk?jk=a04feae8d2abd251&fccid=b97aa9a98af93bad&vjs=3,data scientist,2023-07-14,indeed
https://www.indeed.com/rc/clk?jk=3aca081d3e49fe1c&fccid=caed318a9335aac0&vjs=3,data scientist,2023-07-14,indeed
https://www.indeed.com/rc/clk?jk=4086bc35cb6e35af&fccid=6153cf878ee73d92&vjs=3,data scientist,2023-07-14,indeed
https://www.indeed.com/rc/clk?jk=ba3e30ec07137208&fccid=f3ee71ae259fb79d&vjs=3,data scientist,2023-07-14,indeed
https://www.indeed.com/rc/clk?jk=60b198d74816365e&fccid=565792134b40dcb5&vjs=3,data scientist,2023-07-14,indeed
https://www.indeed.com/rc/clk?jk=84ddbec903a0577a&fccid=7dc8be9efe945d3a&vjs=3,data scientist,2023-07-14,indeed
https://www.indeed.com/rc/clk?jk=aa51ef4db60e81be&fccid=3bcef03e34391ca8&vjs=3,data scientist,2023-07-14,indeed
https://www.indeed.com/rc/clk?jk=84071cd67391e41f&fccid=3e748eea0e6d02b7&vjs=3,data scientist,2023-07-14,indeed
https://www.indeed.com/pagead/clk?mo=r&ad=-6NYlbfkN0BpxkzNHT0rUUpJQhin0p-a3-e8JRpVGAswnErQpasv-d7cXzjSpM4Le8R_bpQMdCiAexLcxtd0RdB-zY1BKPcx7q9rswrmOM7s2oovppqbPeSu3HRhCsdHGPztrWe-NQzqAyZK-O1ufgJnfvJ4gx8fk5AjXGqowqT8Wmzr_fMm5BotBpdjpD9mJAimCEye16X3YwFcu7Sk2gMgVI_P5wxt-v8uTYUjdDUyRqImQOwIekDmNUZiwGrUb19IlY7bdJAD5ApKef2fzYCj9ob90inD4Ig6F0H5G1lCXEDNzdvPsBKsDPZCgpgA2q_MB8E6nw-u3mHcIKRyn0fA6GkYUeXPo3GuKmW08zSBcg2O18WdpXG_F6ubJTZpFkTVFMDnwyTIFvjevHPEXqaig2A_xu2qpSKJHtMUoD5Y3v9kwERMdJ5t3MD0-VJJ1yI-z5KaY0h99jQ2-C4MIsHLYFJVpP5Jg-TiMku_W2XBrl1OLZYeSPERaRTE0KrHesEd0ta8ix7x64bxCjMX2wQ6S5q1v48UaTVMkOfuU_-PDXbWQgv39RkMqI3bpP6itNACYw-1PAXLgduraZXzGbs7x8XXF1ma&xkcb=SoC9-_M3Nry54X2R8h0HbzkdCdPP&p=12&fvj=0&vjs=3,data scientist,2023-07-14,indeed
https://www.indeed.com/rc/clk?jk=782df67bc6619b22&fccid=822bc5d9a49270ea&vjs=3,data scientist,2023-07-14,indeed
https://www.indeed.com/rc/clk?jk=3eb9fae6478061af&fccid=459cce68967c1b3b&vjs=3,data scientist,2023-07-14,indeed
https://www.indeed.com/rc/clk?jk=a89f9e8e3a88eff8&fccid=3bbc3580c4f71d08&vjs=3,data scientist,2023-07-14,indeed
https://www.indeed.com/rc/clk?jk=1b83f71e1756d9c7&fccid=67f93967febf5a69&vjs=3,data scientist,2023-07-14,indeed
https://www.indeed.com/rc/clk?jk=8a453531080a542c&fccid=334e8c9e669a5738&vjs=3,data scientist,2023-07-14,indeed
https://www.indeed.com/rc/clk?jk=8ac9af719b239b86&fccid=49b9be14e6facb4e&vjs=3,data scientist,2023-07-14,indeed
https://www.indeed.com/rc/clk?jk=68a52e489fef95b6&fccid=431c8986bde76285&vjs=3,data scientist,2023-07-14,indeed
https://www.indeed.com/rc/clk?jk=752e52e455b23046&fccid=297250c37729d201&vjs=3,data scientist,2023-07-14,indeed
https://www.indeed.com/company/KLM-Careers/jobs/Data-Scientist-f15243623609aec0?fccid=f42bbfc261ca3e64&vjs=3,data scientist,2023-07-14,indeed
https://www.indeed.com/rc/clk?jk=ef5f660d76a68019&fccid=16a37eddfee06e0f&vjs=3,data scientist,2023-07-14,indeed
https://www.indeed.com/company/Devcare-Solutions/jobs/Data-Scientist-a5b520bb406abc0d?fccid=debba90512f725cc&vjs=3,data scientist,2023-07-14,indeed
https://www.indeed.com/company/Utah-Black-Chamber/jobs/Data-Scientist-8269111d7f79ac99?fccid=a0726da29b9cea11&vjs=3,data scientist,2023-07-14,indeed
https://www.indeed.com/rc/clk?jk=26a935ecc011ce59&fccid=12626f295bf6a003&vjs=3,data scientist,2023-07-14,indeed
https://www.indeed.com/rc/clk?jk=3bd52fc8fce750a5&fccid=b8c3b385f742b540&vjs=3,data scientist,2023-07-14,indeed
https://www.indeed.com/rc/clk?jk=ffc7561a1f2e35a2&fccid=fe2d21eef233e94a&vjs=3,data scientist,2023-07-14,indeed
https://www.indeed.com/rc/clk?jk=8e992f667e611e71&fccid=da33f48dbeb2e889&vjs=3,data scientist,2023-07-14,indeed
https://www.indeed.com/rc/clk?jk=e8a95dc203ad9fdb&fccid=1bda6660a754aee3&vjs=3,data scientist,2023-07-14,indeed
https://www.indeed.com/company/WorldLink/jobs/Senior-Data-Scientist-f0a6e4ae312d20f9?fccid=5c0740ed94646b0c&vjs=3,data scientist,2023-07-14,indeed
https://www.indeed.com/rc/clk?jk=dfb31ee253b70e38&fccid=27f0e306654a993b&vjs=3,data scientist,2023-07-14,indeed
https://www.indeed.com/rc/clk?jk=a606c1641547e6ca&fccid=966804bce9d82eb0&vjs=3,data scientist,2023-07-14,indeed
https://www.indeed.com/rc/clk?jk=a8c6e468c08fca90&fccid=a7c5036618407010&vjs=3,data scientist,2023-07-14,indeed
https://www.indeed.com/company/DCI-Solutions/jobs/Data-Scientist-4ddd58c1b50aff2f?fccid=ef458547d0b90f7b&vjs=3,data scientist,2023-07-14,indeed
https://www.indeed.com/rc/clk?jk=98523e9b2ae5d0f5&fccid=2f3def2271c379a3&vjs=3,data scientist,2023-07-14,indeed
https://www.indeed.com/rc/clk?jk=73cc5b5066676bdb&fccid=060474ef1576996b&vjs=3,data scientist,2023-07-14,indeed
https://www.indeed.com/rc/clk?jk=6fe2804901b59dd3&fccid=53901710556c83af&vjs=3,data scientist,2023-07-14,indeed
https://www.indeed.com/company/Inclusively/jobs/Principal-Scientist-59de5ff1effca626?fccid=ef49cdc7b08c5254&vjs=3,data scientist,2023-07-14,indeed
https://www.indeed.com/rc/clk?jk=28c1c9202f75b7de&fccid=74fe06c6cbaef3fb&vjs=3,data scientist,2023-07-14,indeed
https://www.indeed.com/company/Ardoritsolutions/jobs/Lead-Data-Scientist-e10e03afc5aedb89?fccid=98d84d68dbc0fde5&vjs=3,data scientist,2023-07-14,indeed
https://www.indeed.com/rc/clk?jk=071937d39de418d7&fccid=7655fb7543c6cbbf&vjs=3,data scientist,2023-07-14,indeed
https://www.indeed.com/company/Altarey/jobs/Machine-Learning-Engineer-67caa563eb1295b8?fccid=a8c7636415cd0a7f&vjs=3,data scientist,2023-07-14,indeed
https://www.indeed.com/pagead/clk?mo=r&ad=-6NYlbfkN0Cltd6uxyKZUA0mlAqwrWOAqYzaNWMNQvrQPrmFJNyQddAtz7srjl1C04CmA54wNj0i19hx4sRhAIxgJJFuMudkb5IlL7N3q_BaA1QM45VVhejpOeXGxtQFm1ICVn0iRXBOaJ9QK92JDy6Oav3-s_DfCY7Oga5nIzmDLaL8ee0wdTfJ6Y2x2A6ZTGugjv1gPNw4LEogovD4pH03NbCbXIEa787Ed6FB6oyu8PwFUKeN-9ttpGmItOH0NGvIDjhSUVsLls8GZ0JBHN_2SY4NkvoQZr_D2xq5uUtGS0X9A_d_5DtIn59EfP_Oxenr5w-Kn0qJit4V3WpQxniC2W4MAKgBXrMMykXBqbO2Qiue7PqPE7MbCqKRk7FMpZH4s15SK5_DqVeJSJ9eGXxAAkdigBWLPThGqnTsx9W-qx91XkBPobG5yQuROOik8bOy7C_am5qWPO6ylzsh2JXe9Ob6gGuJG-byZUbPp5tmzrfZlAKn7nnTZ9ksTUkmHUqzgldywas6-Xp_5BxuZFr-9kOuGGJGsqXyoW1Y3CI3XFoij9eM5pBJKyVdvoO_UtoakzemViussAGW8CtjoyVsap8En-zZYAVR-iBr9HTvnILjQmY96YGiifb1ybt33jmlq0IfURxocIajUydfqBP92jt_s1oJG584Gq1ypc8=&xkcb=SoA9-_M3Nry40PWR8h0GbzkdCdPP&p=13&fvj=0&vjs=3,data scientist,2023-07-14,indeed
https://www.indeed.com/rc/clk?jk=7cc3069ea5fedb6a&fccid=ff085de14d31bf52&vjs=3,data scientist,2023-07-14,indeed
https://www.indeed.com/rc/clk?jk=7841fbfeb55b6898&fccid=c3c8d792d574022a&vjs=3,data scientist,2023-07-14,indeed
https://www.indeed.com/rc/clk?jk=b3c43f78b63b9c95&fccid=03e38d4a50ed7d67&vjs=3,data scientist,2023-07-14,indeed
https://www.indeed.com/rc/clk?jk=9d4e99b201e74b57&fccid=7cddde93ab3147d1&vjs=3,data scientist,2023-07-14,indeed
https://www.indeed.com/rc/clk?jk=455429e38c06f9aa&fccid=693e1845cbe4cc85&vjs=3,data scientist,2023-07-14,indeed
https://www.indeed.com/rc/clk?jk=32e565441c071c45&fccid=382dee2cfe0ba124&vjs=3,data scientist,2023-07-14,indeed
https://www.indeed.com/rc/clk?jk=1063e5ae0a02c270&fccid=dd616958bd9ddc12&vjs=3,data scientist,2023-07-14,indeed
https://www.indeed.com/company/National-Center-for-Employee-Ownership-(NCEO)/jobs/Senior-Data-Analyst-ec8a356dd921e629?fccid=3a13aa02fc24e66c&vjs=3,data scientist,2023-07-14,indeed
https://www.indeed.com/rc/clk?jk=f98eec2cc95c7cf7&fccid=04ef150429d33336&vjs=3,data scientist,2023-07-14,indeed
https://www.indeed.com/rc/clk?jk=bf53cd59180953cf&fccid=c68f858ef73a0c44&vjs=3,data scientist,2023-07-14,indeed
https://www.indeed.com/rc/clk?jk=a1335c40834b0a06&fccid=19104924debb3228&vjs=3,data scientist,2023-07-14,indeed
"https://www.indeed.com/company/Office-of-Inspector-General,-City-of-Chicago/jobs/Senior-Data-Analyst-f994728616dab6c3?fccid=2b41b9c9b4df7014&vjs=3",data scientist,2023-07-14,indeed
https://www.indeed.com/rc/clk?jk=bd38eaa6039c41ef&fccid=1f92178814b05d89&vjs=3,data scientist,2023-07-14,indeed
https://www.indeed.com/company/Plaxonic-Technologies/jobs/Data-Scientist-2d92fbcd12d884d4?fccid=4fe234f122c10841&vjs=3,data scientist,2023-07-14,indeed
https://www.indeed.com/pagead/clk?mo=r&ad=-6NYlbfkN0DkAuodcAiJgiONxW1XfxNErrnRTCAoR9IWKeScihxAY4PnzI-9Cr4m8x8IGICsHMqBTTZkrDQRDeuxWOcBeXRkEGR9tlOlRI4Je4YXHyqjAA0rjOT_6RmR04LSBAHfvpqdZWshNx3HJNIA2leCAUIuyPNr_voRp7AVk1ze3-mzIrnJ_MHfDbs9c7gwFN-imKjLS4mqio-uFwSa5R59T1ZjGyEthROAF23aA9pyLjHm-sgYIY53QcmSScQzlnxtcUk4RpON2x3pWEvqn9Ius0ybZ7qM-wd1ToWTTz72qYFAfAsWnPaKhMfDqReTRWJ1IDe8BgZI4vEg5Y_YQG7yLHfhcuwI4UG1sLX-D0Jp-f0DLKKtQ4Iy75vTFYUbNBbOCipz-dFKtzgyGS5ggl3v521j1uqeEQSgLfkhcUPRKr8HghYFFlQAdKxg5Oa20FEcGCn_cMcgfc5kN2Adb6tk1lixfvJmcTGthGUYU0nTUe4B666f29QygTQKn4rxSMWlvXujYz9LI9bVcRSsDqGPa5k1pVK8cYhQx1d0vhZTEXly06fwCc610GqB&xkcb=SoCi-_M3Nry4qexkJJ0GbzkdCdPP&p=13&fvj=1&vjs=3,data scientist,2023-07-14,indeed
https://www.indeed.com/rc/clk?jk=4a5af63502d4465e&fccid=cd411fa2d6591efd&vjs=3,data scientist,2023-07-14,indeed
https://www.indeed.com/rc/clk?jk=5d26017932957a69&fccid=822bc5d9a49270ea&vjs=3,data scientist,2023-07-14,indeed
https://www.indeed.com/rc/clk?jk=e401e0c4733e51e1&fccid=a7f8c90c30a04965&vjs=3,data scientist,2023-07-14,indeed
https://www.indeed.com/company/GTA-(Global-Technology-Associates)/jobs/Data-Scientist-fdc06a300b7220a2?fccid=5db15845914e1098&vjs=3,data scientist,2023-07-14,indeed
https://www.indeed.com/rc/clk?jk=dbff6d84eae1cb8c&fccid=fa05afb3210273ab&vjs=3,data scientist,2023-07-14,indeed
https://www.indeed.com/rc/clk?jk=f14b308c889f2a06&fccid=a9f4c88b2ec65781&vjs=3,data scientist,2023-07-14,indeed
https://www.indeed.com/rc/clk?jk=63ee767ceefd8250&fccid=d5fd5b4510b20224&vjs=3,data scientist,2023-07-14,indeed
https://www.indeed.com/rc/clk?jk=13dc20babb813d19&fccid=f89deb5a97c7738a&vjs=3,data scientist,2023-07-14,indeed
https://www.indeed.com/rc/clk?jk=80aa0385d0157613&fccid=1eabb18911179dee&vjs=3,data scientist,2023-07-14,indeed
https://www.indeed.com/rc/clk?jk=9a93654b0477a409&fccid=405e429c66f5d7ea&vjs=3,data scientist,2023-07-14,indeed
https://www.indeed.com/rc/clk?jk=dec6d3c719bf0ec1&fccid=868d1d042b6cf33d&vjs=3,data scientist,2023-07-14,indeed
https://www.indeed.com/rc/clk?jk=b31dff2423ec96a6&fccid=fb39f30bde31b5f4&vjs=3,data scientist,2023-07-14,indeed
https://www.indeed.com/rc/clk?jk=801c304a7b0a984f&fccid=e89c1962acedb6a5&vjs=3,data scientist,2023-07-14,indeed
https://www.indeed.com/rc/clk?jk=8c96569ad4b3f6f5&fccid=1bc1e50d3973bc15&vjs=3,data scientist,2023-07-14,indeed
https://www.indeed.com/rc/clk?jk=c8c7a3f1767ef594&fccid=1b866506aec22461&vjs=3,data scientist,2023-07-14,indeed
https://www.indeed.com/rc/clk?jk=3c4a9f4703da1fe8&fccid=26877094797beef3&vjs=3,data scientist,2023-07-14,indeed
https://www.indeed.com/rc/clk?jk=03b9a81d98979ea3&fccid=c3c8d792d574022a&vjs=3,data scientist,2023-07-14,indeed
https://www.indeed.com/rc/clk?jk=8b255540c2fe0215&fccid=afd54469d27df27f&vjs=3,data scientist,2023-07-14,indeed
https://www.indeed.com/rc/clk?jk=6165530e6b53d1a6&fccid=1af4dfce0d9b1f6f&vjs=3,data scientist,2023-07-14,indeed
https://www.indeed.com/rc/clk?jk=a857118e9193d7b5&fccid=aeb15e43a6800b9d&vjs=3,data scientist,2023-07-14,indeed
https://www.indeed.com/rc/clk?jk=ea187813aeb0cf93&fccid=3c1c55eacd82f2e7&vjs=3,data scientist,2023-07-14,indeed
https://www.indeed.com/rc/clk?jk=9372d87bc9f42628&fccid=da33f48dbeb2e889&vjs=3,data scientist,2023-07-14,indeed
https://www.indeed.com/rc/clk?jk=647d8fc46447d1d2&fccid=fedeef40660b4e0c&vjs=3,data scientist,2023-07-14,indeed
https://www.indeed.com/rc/clk?jk=7642fc7e27b1c00a&fccid=492545f4ad8a4cbb&vjs=3,data scientist,2023-07-14,indeed
https://www.indeed.com/rc/clk?jk=43e3627703dfbf50&fccid=578c2ce08a4e9823&vjs=3,data scientist,2023-07-14,indeed
https://www.indeed.com/rc/clk?jk=bc4b01a3d6fb1587&fccid=1f92178814b05d89&vjs=3,data scientist,2023-07-14,indeed
https://www.indeed.com/rc/clk?jk=f1f7ca8bd3ecaa24&fccid=dd616958bd9ddc12&vjs=3,data scientist,2023-07-14,indeed
https://www.indeed.com/rc/clk?jk=4bb675e1ae5cd424&fccid=380ad6d2bbbee773&vjs=3,data scientist,2023-07-14,indeed
https://www.indeed.com/rc/clk?jk=bee562db41a7a02a&fccid=c6ba72fc57204360&vjs=3,data scientist,2023-07-14,indeed
https://www.indeed.com/rc/clk?jk=4cb7c0d3031a2c22&fccid=7ebb7f9ae9d74da1&vjs=3,data scientist,2023-07-14,indeed
https://www.indeed.com/rc/clk?jk=a921310fefe3c854&fccid=5f1f0e6dcc6cbc83&vjs=3,data scientist,2023-07-14,indeed
https://www.indeed.com/pagead/clk?mo=r&ad=-6NYlbfkN0AkkitoYsT710tvHNh-j77zAVLD25tV7Cs0YozZUvlkdEUQJljV4yh6BdkAGsfgRzTU_n8NGxWycU7ZtKaD4_XWF67hFC4Jyh9QB9kAOLrvJGBmdRB6m_UFYzi4Ru_vZ5txBohV955jMG1ssv49kYiDiBYRT-5eJRsbtdEXWE8EHFQHoKpVI7n925MBmnX7d3f7wlVLrtymKgulrTuJR0gt4xUx9EkS1l9zt-tr5S38AL6i6Z4oms-7iCMON8k-vb2fpikm-OcCD3UJOwZwrSj8_jQWYhAbTWrOaPGXbFzIXoTgahKLnqmbgnpKLNnjEsVC7UBuf0iKgSCfvOYpkr7r2k2ifCi0hIMpQrJWZ-XaD4nzTXd2avgTvm2_H1CnNsJZrJobHr88jLDXPuILw_qxVHDnKPWXs_cynRi_qUaOuy_wiJTqPXRsS_uzAvoui4evHnO0AfOs-fgHA0Vxkq3P&xkcb=SoD9-_M3Nry3fmRiNx0NbzkdCdPP&p=0&fvj=0&vjs=3,data scientist,2023-07-14,indeed
https://www.indeed.com/rc/clk?jk=9c311ab7f883ab44&fccid=d3d3520998346837&vjs=3,data scientist,2023-07-14,indeed
https://www.indeed.com/rc/clk?jk=fde0420edec272da&fccid=0afbe8f957671cd9&vjs=3,data scientist,2023-07-14,indeed
https://www.indeed.com/rc/clk?jk=25b3237ddc8a3753&fccid=c46d0116f6e69eae&vjs=3,data scientist,2023-07-14,indeed
https://www.indeed.com/rc/clk?jk=56a3613042e0b5e7&fccid=4bb4a98ffe880354&vjs=3,data scientist,2023-07-14,indeed
https://www.indeed.com/rc/clk?jk=201a61c9fa2c9845&fccid=9e215d88a6b33622&vjs=3,data scientist,2023-07-14,indeed
https://www.indeed.com/rc/clk?jk=210fb236a7e633be&fccid=4d5d694743c295fc&vjs=3,data scientist,2023-07-14,indeed
https://www.indeed.com/rc/clk?jk=16a3032eed3f0090&fccid=be4c5737f0408279&vjs=3,data scientist,2023-07-14,indeed
https://www.indeed.com/rc/clk?jk=ee9194707004df1e&fccid=e2c1d9254247b2b7&vjs=3,data scientist,2023-07-14,indeed
https://www.indeed.com/rc/clk?jk=e7e9bb062a02c818&fccid=5c42f0ed4ae5b712&vjs=3,data scientist,2023-07-14,indeed
https://www.indeed.com/rc/clk?jk=ed76e1ef6a81f0c2&fccid=c007936ceb766fe5&vjs=3,data scientist,2023-07-14,indeed
https://www.indeed.com/rc/clk?jk=756cfe56a672758f&fccid=7dc8be9efe945d3a&vjs=3,data scientist,2023-07-14,indeed
https://www.indeed.com/rc/clk?jk=e97b5f2768a009b8&fccid=c46d0116f6e69eae&vjs=3,data scientist,2023-07-14,indeed
https://www.indeed.com/rc/clk?jk=d4d35bde7c487552&fccid=12626f295bf6a003&vjs=3,data scientist,2023-07-14,indeed
https://www.indeed.com/rc/clk?jk=6d6cfcae83f98b70&fccid=5b8d10630cb111eb&vjs=3,data scientist,2023-07-14,indeed
https://www.indeed.com/rc/clk?jk=8b873e94ecc7e449&fccid=2df6a1e69a70a1e7&vjs=3,data scientist,2023-07-14,indeed
https://www.indeed.com/rc/clk?jk=debbd3816b8efe59&fccid=c007936ceb766fe5&vjs=3,data scientist,2023-07-14,indeed
https://www.indeed.com/rc/clk?jk=a375bd6feef1a05a&fccid=82a15034c4cd26ca&vjs=3,data scientist,2023-07-14,indeed
https://www.indeed.com/rc/clk?jk=9a4ca91233b6141d&fccid=fa05afb3210273ab&vjs=3,data scientist,2023-07-14,indeed
https://www.indeed.com/rc/clk?jk=595403c8abca6f8b&fccid=c46d0116f6e69eae&vjs=3,data scientist,2023-07-14,indeed
https://www.indeed.com/rc/clk?jk=70dc7fb2da79e2b7&fccid=87b328666e50453b&vjs=3,data scientist,2023-07-14,indeed
https://www.indeed.com/rc/clk?jk=cea89c2cfad0ce10&fccid=86e9be6ce380173e&vjs=3,data scientist,2023-07-14,indeed
https://www.indeed.com/company/Devcare-Solutions/jobs/Senior-Data-Analyst-3aa1a68ee6429b25?fccid=debba90512f725cc&vjs=3,data scientist,2023-07-14,indeed
https://www.indeed.com/rc/clk?jk=59ba96fbfb7269de&fccid=a30d07b18d8e13a2&vjs=3,data scientist,2023-07-14,indeed
https://www.indeed.com/rc/clk?jk=31d0146c527e8506&fccid=a5b4499d9e91a5c6&vjs=3,data scientist,2023-07-14,indeed
https://www.indeed.com/rc/clk?jk=ceeefcd4502cc499&fccid=9a199e21f9f95369&vjs=3,data scientist,2023-07-14,indeed
https://www.indeed.com/rc/clk?jk=c94849dea82b17fd&fccid=fe2d21eef233e94a&vjs=3,data scientist,2023-07-14,indeed
https://www.indeed.com/rc/clk?jk=093d2035ad6f5c80&fccid=ab4f3cf392a1f4b1&vjs=3,data scientist,2023-07-14,indeed
https://www.indeed.com/rc/clk?jk=f76b335ae740e6ca&fccid=34e6ee3f3e85424a&vjs=3,data scientist,2023-07-14,indeed
https://www.indeed.com/rc/clk?jk=6ffcbeff981e13ee&fccid=c46d0116f6e69eae&vjs=3,data scientist,2023-07-14,indeed
https://www.indeed.com/rc/clk?jk=dc333604ae7d1444&fccid=b1330bfa6e5aae73&vjs=3,data scientist,2023-07-14,indeed
https://www.indeed.com/rc/clk?jk=72db04ad54c1e74d&fccid=49023dc4dc722a14&vjs=3,data scientist,2023-07-14,indeed
https://www.indeed.com/company/Century-Holdings-LLC/jobs/Senior-Data-Analyst-5b6e3925f59d40e1?fccid=f655cfdffa001575&vjs=3,data scientist,2023-07-14,indeed
https://www.indeed.com/rc/clk?jk=2dbc83dfaea9e973&fccid=c3c885db3b252897&vjs=3,data scientist,2023-07-14,indeed
https://www.indeed.com/rc/clk?jk=44b3c317253a8ddb&fccid=23ddedaf27ad006f&vjs=3,data scientist,2023-07-14,indeed
https://www.indeed.com/rc/clk?jk=13aa4e7325734913&fccid=00e18d81fe8bb249&vjs=3,data scientist,2023-07-14,indeed
https://www.indeed.com/rc/clk?jk=6eb78fc4ff3c7abf&fccid=9e215d88a6b33622&vjs=3,data scientist,2023-07-14,indeed
https://www.indeed.com/rc/clk?jk=92ebc366546cc749&fccid=43a69183767d4301&vjs=3,data scientist,2023-07-14,indeed
https://www.indeed.com/rc/clk?jk=0a8302b712ca43bf&fccid=b675afd5f916feea&vjs=3,data scientist,2023-07-14,indeed
https://www.indeed.com/rc/clk?jk=bd9312b804610a19&fccid=bb1bb8e96c1fb0d6&vjs=3,data scientist,2023-07-14,indeed
https://www.indeed.com/rc/clk?jk=e55cc2c04df7722a&fccid=c35194d01a9e2595&vjs=3,data scientist,2023-07-14,indeed
https://www.indeed.com/rc/clk?jk=a7ccc95b0a4dd76c&fccid=1f92178814b05d89&vjs=3,data scientist,2023-07-14,indeed
https://www.indeed.com/rc/clk?jk=519de50d2c4b2596&fccid=014f69d69f673aec&vjs=3,data scientist,2023-07-14,indeed
https://www.indeed.com/pagead/clk?mo=r&ad=-6NYlbfkN0BWQs_M7ZA8XLbIFWVw-PYcVVEPryqVLyWhKaEKPskHy2YkbHyHJDwB_nHc5A6JaMQ-2_VHHKb3S29PrePkibc6EdQ_Rlvz82JjyHXAg7GPos6wMyp9vLFBtGtlXOZ40d1s7na56wIQhkUqJsamHYV7PKfN9QEa9btTzhOGPgcs-er16lSfbLKYLcdPuWBYnr8OuW7oc1sL5-ZsOo__AAr9dAv73h5JNxvVr1-rZbyJTEFyWZc-c8Fpdfwc4UHnAWgOyU3jp5hBuPtLYIXg3jKeQkO3quUGHcpaCW2lsVHH8riM5b7irqmw8wRLpZ2rbTm7gC2d6ywAE7QeUqpB-6SPMr8u4mGMh1TR4HAilnLUMRzjrs5_eT_cYtd19zW9U4b5Xh31uzUM9-EC3iuKlvxGO5Zq8Xfu_dMdPSVW5VWLnHRYDwv5m_Uft-wiDSktKeJv6VC4j4caKoQJTF9FEF3pHqscDYMQAMRq3kBVMZaqYie7TyllLgXjQ8qIcVZR-vrNAK8xT78rQ8nF_qKpJQE452ZDX7ngDi5TM2TZV98xk5O7BEm88j8dElEWs4fBy5npU4_eiZ5vtyKxcpjEcQgaqdCUB0VICWjpR41wzKYJrSnkdJFEaHdI0fS1jfvk6fxFRLRFBvYy4KrJxE6FkItqenYf3jw8wr_V-6FeDcRfsazY_qwcBUdhTVF5sn7lT3sYT2CNS81a_bIPcy_bwgacvJqYeaLX9fyVQMe06XzUr2sYAiu8PR8yv14mNrPJLABjeCL4KbeUf-6Ck7D3wKI_BmMm5AdHkmy11B2Q1T8BW_80VsRwkSIpVGWc_YEnQgA-cGCqW2lhLQF8v_6ANTPLkMsEXrfhXl7c5WWQin7wpymY9yssRBYHv366mM4dhj-7VCXMeOdEbfd5uXF8sPIp5QtMuMfU_ZbOZvvJxDjUL9_jP62FahsT6oO5JpM9DufsU9V-X4SBsqXyB7yXK-qbtfclInS-dC1QQL-MrEUJ5L5yEbI6K5Bq5YrzdyLjR4dGvA-PyXe-FvsRg3sp9eU8tMbZ19juktDLqyS918AJWujBBBpVVLvwoLd0kN_oA5fYOdvuzladioR1nIgzT2KIh-YqFwhiSsZQo5flRXyBwKmBwxtgk7h-3iLiVJwkycwyS_HitbEq-BWx3TGpL6EKpQn9vsp1Qw0xbPnZBkTxY8qyNR6WNTrz1BvduGfDbIb7W_KJNaWRLvYqioPDN6EWTRuJSQtkdnirtcLCNqjdX9R7u7wIHzJ1hY2UxwhiTKqFo9rFU58bd5Mc7LV_Mtp_CPBQJO2e6ytoBR8WdOD2ACEVLGeBm_5ZthI0qeRxbR-S0_cXfA9WXF0LZj3RSNatvT41Haagak20LHNdbKZn4cDhM7pss7oK&xkcb=SoAN-_M3Nry2q0RiHJ0GbzkdCdPP&p=13&fvj=0&vjs=3,data scientist,2023-07-14,indeed
https://www.indeed.com/rc/clk?jk=1b63668482af5fd2&fccid=95b5224741b7ac93&vjs=3,data scientist,2023-07-14,indeed
https://www.indeed.com/rc/clk?jk=13dce974b56687d5&fccid=fa0ca3b638673d62&vjs=3,data scientist,2023-07-14,indeed
https://www.indeed.com/rc/clk?jk=b3c2bc7b5c7861e2&fccid=39e7cc3fd9e2cd7d&vjs=3,data scientist,2023-07-14,indeed
https://www.indeed.com/company/Plaxonic-Technologies-Inc./jobs/Machine-Learning-Engineer-d595cda27708226f?fccid=1d747e56a71bcfed&vjs=3,data scientist,2023-07-14,indeed
https://www.indeed.com/rc/clk?jk=1249f89d4625a073&fccid=3843a980e71859ea&vjs=3,data scientist,2023-07-14,indeed
https://www.indeed.com/rc/clk?jk=c385499967a56f6b&fccid=6ce7e0d9f67a9961&vjs=3,data scientist,2023-07-14,indeed
https://www.indeed.com/rc/clk?jk=e7f353d2ddf16692&fccid=da33f48dbeb2e889&vjs=3,data scientist,2023-07-14,indeed
https://www.indeed.com/rc/clk?jk=c8486754e7fa3778&fccid=384e0959abbf337a&vjs=3,data scientist,2023-07-14,indeed
https://www.indeed.com/company/Arlensa/jobs/Software-Architect-2fca8be924b2b5fc?fccid=671636331ed81d0c&vjs=3,data scientist,2023-07-14,indeed
https://www.indeed.com/rc/clk?jk=7970eb675fccb67d&fccid=2231941280824ce7&vjs=3,data scientist,2023-07-14,indeed
https://www.indeed.com/rc/clk?jk=9b1507c4f5ca0346&fccid=66403b30a2c0d89c&vjs=3,data scientist,2023-07-14,indeed
https://www.indeed.com/company/Kwaan-Tech/jobs/Data-Analyst-4f8c85824c5c24c3?fccid=523d5367b9fd2562&vjs=3,data scientist,2023-07-14,indeed
https://www.indeed.com/rc/clk?jk=793a1f6ce9498bcb&fccid=ba2329b92f36640c&vjs=3,data scientist,2023-07-14,indeed
https://www.indeed.com/rc/clk?jk=63a2355e9aec5b14&fccid=ba07516c418dda52&vjs=3,data scientist,2023-07-14,indeed
https://www.indeed.com/rc/clk?jk=b997500278fe9e87&fccid=8faf0b19259a2223&vjs=3,data scientist,2023-07-14,indeed
https://www.indeed.com/rc/clk?jk=01076943029be173&fccid=dd616958bd9ddc12&vjs=3,data scientist,2023-07-14,indeed
https://www.indeed.com/rc/clk?jk=c4645e5174392abb&fccid=b85c5070c3d3d8c8&vjs=3,data scientist,2023-07-14,indeed
"https://www.indeed.com/company/VMR-Strategic-Solutions,-LLC/jobs/Statistician-976b5cc010327b44?fccid=7a14bb8a3e865225&vjs=3",data scientist,2023-07-14,indeed
https://www.indeed.com/rc/clk?jk=f2d9c955315bbc0e&fccid=0d9a7400c0a8fdec&vjs=3,data scientist,2023-07-14,indeed
https://www.indeed.com/rc/clk?jk=c28284c35803cfe6&fccid=56e12959d04ef145&vjs=3,data scientist,2023-07-14,indeed
https://www.indeed.com/rc/clk?jk=fb534e54ec2068b7&fccid=ba07516c418dda52&vjs=3,data scientist,2023-07-14,indeed
https://www.indeed.com/rc/clk?jk=ad9d9f428a985568&fccid=dd616958bd9ddc12&vjs=3,data scientist,2023-07-14,indeed
https://www.indeed.com/rc/clk?cmp=Knowledge-Builders-Inc.&ti=Statistical+Assistant+-15751&jk=66d10b013b29df2f&fccid=1043b3f2ab1bcb50&vjs=3,data scientist,2023-07-14,indeed
https://www.indeed.com/rc/clk?jk=6a8e111f0dbbe131&fccid=82e58e9861d48566&vjs=3,data scientist,2023-07-14,indeed
https://www.indeed.com/rc/clk?jk=d6310ab1a04801ac&fccid=6b7a1dfe07e7f037&vjs=3,data scientist,2023-07-14,indeed
https://www.indeed.com/rc/clk?jk=1459e75e57dc862a&fccid=d12969e83d0237af&vjs=3,data scientist,2023-07-14,indeed
https://www.indeed.com/company/Strategi-Consulting/jobs/Full-Stack-Developer-c282bfa9d4fc9054?fccid=b08d6deaf71070b5&vjs=3,data scientist,2023-07-14,indeed
https://www.indeed.com/rc/clk?jk=af4a56c6b1459964&fccid=8524239b088a6649&vjs=3,data scientist,2023-07-14,indeed
https://www.indeed.com/rc/clk?jk=1c7bb8f30533dfa8&fccid=c267f29f0f85e8b8&vjs=3,data scientist,2023-07-14,indeed
"https://www.indeed.com/company/Xcellent-Technology-Solutions,-Inc./jobs/Ai-Analyst-70f59e8fd54fe5b4?fccid=85716faf2e3b18e4&vjs=3",data scientist,2023-07-14,indeed
https://www.indeed.com/rc/clk?jk=e6d725dcfe8f06eb&fccid=7655fb7543c6cbbf&vjs=3,data scientist,2023-07-14,indeed
https://www.indeed.com/rc/clk?jk=f707e5ea51bcec3a&fccid=a411072d5a46f13f&vjs=3,data scientist,2023-07-14,indeed
https://www.indeed.com/rc/clk?jk=47e3e3b904109e2a&fccid=c46d0116f6e69eae&vjs=3,data scientist,2023-07-14,indeed
https://www.indeed.com/rc/clk?jk=14348153d8b2502b&fccid=2e5b91edebf8c5ab&vjs=3,data scientist,2023-07-14,indeed
https://www.indeed.com/rc/clk?jk=13b8cab430a58e83&fccid=c46d0116f6e69eae&vjs=3,data scientist,2023-07-14,indeed
https://www.indeed.com/rc/clk?jk=4c996b8ebebddc02&fccid=6450759869a75aa3&vjs=3,data scientist,2023-07-14,indeed
https://www.indeed.com/rc/clk?jk=615c2b980f363e6a&fccid=80f717d07dc7b405&vjs=3,data scientist,2023-07-14,indeed
https://www.indeed.com/rc/clk?jk=1d8b5050cb2409ad&fccid=49b9be14e6facb4e&vjs=3,data scientist,2023-07-14,indeed
https://www.indeed.com/rc/clk?jk=4f236e6b919f3f0d&fccid=0e58e9682e5d206a&vjs=3,data scientist,2023-07-14,indeed
https://www.indeed.com/rc/clk?jk=caf70069aa2afe7f&fccid=0120837bbfad1ee3&vjs=3,data scientist,2023-07-14,indeed
https://www.indeed.com/rc/clk?jk=379ac8fd2af0cc67&fccid=ae24f29d22570194&vjs=3,data scientist,2023-07-14,indeed
https://www.indeed.com/rc/clk?jk=a2b5f41b89cad210&fccid=44e58704415849f7&vjs=3,data scientist,2023-07-14,indeed
https://www.indeed.com/rc/clk?jk=a94fcdb9ea4ec052&fccid=dd616958bd9ddc12&vjs=3,data scientist,2023-07-14,indeed
https://www.indeed.com/rc/clk?jk=8c6b2e3722bffe0e&fccid=84c8ed4c8205d753&vjs=3,data scientist,2023-07-14,indeed
https://www.indeed.com/rc/clk?jk=2d7c104608643339&fccid=8ae2dae2a32b293b&vjs=3,data scientist,2023-07-14,indeed
https://www.indeed.com/pagead/clk?mo=r&ad=-6NYlbfkN0DrafUTz72kROEBInX6YQY89nu0-QOunbsX9efcUkBv-E1s_KwcTeHahQ_YLtO21pj_VGLUt2xrOCLuB3n9QTVLickohXcUwuz_R4jVTkL1XUqvoX57khxwni5bZJdFI2CFGOIMFoULAeGZESYC6ytmxZwQAOci2PS9ObMaFRTktMMEkepQM-QerdEa1kSVy6f6f99yW8MUZVKJUO4h5dXYoCox09AaWnjBm8TibFY3EjBobamHw5Vnizj-UkoT_yvY9TCTAFPA5vdu8Ekc1Zm0Qy5c7DVtY-419sBr25OFqqLVdUcjtkXzINPWRmwgS5iLTiA-LikjFA-SoAluAtpQjT_eFHpPFvWdtP5vJAmm2ip_bL0bS2Q5sN00Wgm4DnlF5UYs1nznHpIUm0Hi4gTcOiLsNKhLtlIA0nIq4OG0B4sdrRziJVaeiNJo-fwun3wK6aWTyaLLrTb7s20wqyvvNuoNNFS_OQ3wZo8ReJg4wscY13mFVXJA-f7kB5JSvBAF8e2eYVAqE-BGbda5vqiWn-hbW3wff11RO5tavlA_EzsueuRWtUFI18JVI_tw-L1chZuOMK3Jp5EDk2rI8Bb94cePEzo8trXsrdFrxvs0anhFVnUXKLTu2oFnStJ2R3RccvusDVwN-JbbOvjb4-SRe1GEmxK3Y3QASkIGXpfwdusOJIpGvSdNnAHsp_NQvBuHVZO_QSNP7w==&xkcb=SoB--_M3Nry1R9A1Nb0FbzkdCdPP&p=14&fvj=0&vjs=3,data scientist,2023-07-14,indeed
https://www.indeed.com/pagead/clk?mo=r&ad=-6NYlbfkN0C1zplEsFktHkQc7kOOwm4rInMAlFzAoLIRfcwaDPIGgu8jCB8VseTUYObc-C-PZ6iqJRD0HZSh__MGsJDykU1e54HhO0dDceV28NqMLGnLnT0Ylvyj0uM3Dg5GsQbACsKAQ7Fa9yqwjlbSyuCgajSd_bNmCmvoHBg5KX7xc0c26BseBVYJ6yStR-foizMcSCM3iK3uaCpfkFMPKVHFt84beiRxlf6_G1A7XRVkETYlSMS0vjvFx6eN3sY5W5ohD3L_Ej6YqwoMQiRjW-KAHr7ZQ_D61ewjZ0PwOTqcp47h2P5QWo_OG7HjhG0n59vCeq7wHm-nFoePshpALBFHFCqkguF7_nH1zqQrwEBFfYbC758RCfCxNcRUkfXJXiAvkJLyZ3UCZLCt07AuUBxVVjm5iD5FKusuSoNyA5uQb6Fng13KbyNc6nAw1BNvfWKCRKB0fZxQFWBvPVlVJlF9DkUyViMlMsif-G4JYLkogr2flsSwnTrvVGsJaY4n4WNEoLPc4ofcAEjf3A1peGVB_xenfiAFw8Ea--MB-kJSK3evrVGkUMWQdekjLjIQjTt_9FqtdN-PsOw2uNcUusoC9cInuR-yq4czY3eGtoUeupNBSAa9rK4YOBoO&xkcb=SoDW-_M3Nry02TxkJJ0LbzkdCdPP&p=0&fvj=0&vjs=3,data scientist,2023-07-14,indeed
https://www.indeed.com/rc/clk?jk=4c2de0dd13cee32e&fccid=c631eed27665a2a4&vjs=3,data scientist,2023-07-14,indeed
https://www.indeed.com/rc/clk?jk=9602b9835c0bb82e&fccid=950d929bfc551385&vjs=3,data scientist,2023-07-14,indeed
https://www.indeed.com/rc/clk?jk=d7d18b336c4758d4&fccid=5d3ed74ca4598964&vjs=3,data scientist,2023-07-14,indeed
https://www.indeed.com/rc/clk?jk=6586cb8342b2cb05&fccid=cf9b89b2147af970&vjs=3,data scientist,2023-07-14,indeed
https://www.indeed.com/rc/clk?jk=825fbf42e1b186c7&fccid=c762a27145bd166e&vjs=3,data scientist,2023-07-14,indeed
https://www.indeed.com/rc/clk?jk=30194b3076b9e5f6&fccid=5695b0e2ce6945d4&vjs=3,data scientist,2023-07-14,indeed
https://www.indeed.com/rc/clk?jk=b94deb0732e05ffa&fccid=edae4285faf6c2f0&vjs=3,data scientist,2023-07-14,indeed
https://www.indeed.com/rc/clk?jk=b0919b3cada0a5b2&fccid=9e215d88a6b33622&vjs=3,data scientist,2023-07-14,indeed
https://www.indeed.com/rc/clk?jk=8fd652e6b0f89e30&fccid=105ecfd0283f415f&vjs=3,data scientist,2023-07-14,indeed
https://www.indeed.com/company/Whatcom-Community-College/jobs/Statistician-2457f331087aeded?fccid=5e16ec91ece28bce&vjs=3,data scientist,2023-07-14,indeed
https://www.indeed.com/rc/clk?jk=ba1bbd9e6f320554&fccid=60c22b6df6415cc7&vjs=3,data scientist,2023-07-14,indeed
https://www.indeed.com/rc/clk?jk=29b85ff4796ec053&fccid=105ecfd0283f415f&vjs=3,data scientist,2023-07-14,indeed
https://www.indeed.com/rc/clk?jk=1cd9235fa3669d39&fccid=6e5a32280a829576&vjs=3,data scientist,2023-07-14,indeed
https://www.indeed.com/rc/clk?jk=4f686ef6d398781d&fccid=734cb5a01ee60f80&vjs=3,data scientist,2023-07-14,indeed
https://www.indeed.com/pagead/clk?mo=r&ad=-6NYlbfkN0C0xan_tKoKpHlPk2i4OCCo2ULsOmeqWWaTHcPP_CkOCc2oqmmfJ2KN2f_PyxN_4RxwDuRqeug1mWW6twMBYVGLTsxQcLUDziJTQ0LEsegOLVowyGQK8hPDPf-JQAPX4ktsSO57rBKf_6biTFrdW_ygVLRMWf4u69_-POmeE67ahN_EdyYQn8tfa6WmnyP5j1QFcLLthwEx3hqVZU4LKEXLIm1OlpcFwn9F9BGKWvWW6eGXOtTPoVMU2j2LKUVvT3VOdeFtFq8tPGDhlwnc_aDAYBHRq7rjyY_8SzwLeCud7n1C4pVxBS4pAQWPnxeVPWsiKOUooaI8pp2Hb8V2nrhDGOri9nDNFM_YJlbgr1W1jYVvoqH0n7Kuz4yRrs7fPobf2j5hWrSP_DXHYxA-MI7X6eDkpWESxEw0mq8owLK1SaLKxZKhpcKTUYIGL8yzQGorScSNMXBEsAoCsU5PJdMU68OJM-XNYDN1b86Umf876Q==&xkcb=SoAY-_M3Nry0syAOqz0LbzkdCdPP&p=0&fvj=0&vjs=3,data scientist,2023-07-14,indeed
https://www.indeed.com/rc/clk?jk=3c2502f488a77f48&fccid=23ddedaf27ad006f&vjs=3,data scientist,2023-07-14,indeed
https://www.indeed.com/rc/clk?jk=9b3b640d72739478&fccid=86e9be6ce380173e&vjs=3,data scientist,2023-07-14,indeed
https://www.indeed.com/rc/clk?jk=d7bcc578a915439f&fccid=6804303952d3b477&vjs=3,data scientist,2023-07-14,indeed
https://www.indeed.com/rc/clk?jk=f0912d8755942e7b&fccid=9b65aa9d803a8dd1&vjs=3,data scientist,2023-07-14,indeed
https://www.indeed.com/rc/clk?jk=4e7275f1ad854ea0&fccid=27b1917af85b28a1&vjs=3,data scientist,2023-07-14,indeed
https://www.indeed.com/rc/clk?jk=ac5f55ac01f142cc&fccid=adbb342bd2008a4b&vjs=3,data scientist,2023-07-14,indeed
https://www.indeed.com/rc/clk?jk=1bc674d85c207617&fccid=c46d0116f6e69eae&vjs=3,data scientist,2023-07-14,indeed
https://www.indeed.com/rc/clk?jk=d2aa46b6eb11266a&fccid=e4b075354d7c2865&vjs=3,data scientist,2023-07-14,indeed
https://www.indeed.com/company/Kyra-Solutions/jobs/Data-Manager-11aa7e8b9155c0a9?fccid=2e7ab39df602a28b&vjs=3,data scientist,2023-07-14,indeed
https://www.indeed.com/rc/clk?jk=7c2dbacebb914a7b&fccid=c1099851e9794854&vjs=3,data scientist,2023-07-14,indeed
https://www.indeed.com/rc/clk?jk=53ac570511ae35fb&fccid=8ea8fab3a7489066&vjs=3,data scientist,2023-07-14,indeed
https://www.indeed.com/rc/clk?jk=32020189e62c208d&fccid=150bba75856101ac&vjs=3,data scientist,2023-07-14,indeed
https://www.indeed.com/rc/clk?jk=cab2564dfafad348&fccid=a59cf55b5265bc75&vjs=3,data scientist,2023-07-14,indeed
https://www.indeed.com/rc/clk?jk=6d2c7bb6fe354c06&fccid=aeb15e43a6800b9d&vjs=3,data scientist,2023-07-14,indeed
https://www.indeed.com/pagead/clk?mo=r&ad=-6NYlbfkN0A4Pd9G7Psxse2LYHgJRkYguHzML5L6KVZLzJM3sNXICnMc3eh3dt3QEYOmT_Cvlg6dTXCW3A32HN3K-fY19UN1NQl22h6uLYWWyA_zgWEb2kIN1Ivdg2vozP3E44wf3Yiso2aF63TQwuPAm5s_yO-FnBVtQzUoh6E2ryLrR6lM0v8hPeJB-6RmOiHjyPVcjA9IKRaOqR2JMmsVqy07DzMtNsYk7pjs4tWYsJ2KC5qdGdk6vEBV5AQMgsOo6knCOwQyytuh2tR0rL8_jaut5xi1tQ4v8F-AQxqDwCMnncxFVohFZ6mfUwnrBZ8YftypKU9pOSIS7tKVmCS2y1ENPaDpwnkvdTQR1VVdHAPbv7xaV2sWiePZTejkQiFySTd5xeSK2k91xX1ZnEqqip26EjDDBUc6Jw1QK6KFh38DAOnzYOLiexRkDlP9bSSGrRze6t6A1k08eQDPjhDxXOyiPnGjeR6tNmZT9Ynzq4-4w7HzfAXd78sUwWSQmGwDxqrK4Uh-NJWgjfAvzw==&xkcb=SoBI-_M3Nry0CTWZlZ0LbzkdCdPP&p=0&fvj=1&vjs=3,data scientist,2023-07-14,indeed
https://www.indeed.com/rc/clk?jk=5b97a35557e5e748&fccid=50233450c852aee5&vjs=3,data scientist,2023-07-14,indeed
https://www.indeed.com/rc/clk?jk=683c4c8a019b93ab&fccid=621355d16566db19&vjs=3,data scientist,2023-07-14,indeed
https://www.indeed.com/rc/clk?jk=dfe062a272af5443&fccid=d13187a50c252e33&vjs=3,data scientist,2023-07-14,indeed
https://www.indeed.com/rc/clk?jk=b4c3a843f45dbbd9&fccid=cbaac76b266b716e&vjs=3,data scientist,2023-07-14,indeed
https://www.indeed.com/company/Holocron-Technologies/jobs/Engineer-078ed6dc16867a7a?fccid=e6ead0bc7567471f&vjs=3,data scientist,2023-07-14,indeed
https://www.indeed.com/rc/clk?jk=bac45e8ac1527f9e&fccid=0d1386ca25efa609&vjs=3,data scientist,2023-07-14,indeed
https://www.indeed.com/rc/clk?jk=b5445077e4a3a6d4&fccid=c46d0116f6e69eae&vjs=3,data scientist,2023-07-14,indeed
https://www.indeed.com/rc/clk?jk=c17f6137994bc4a0&fccid=c46d0116f6e69eae&vjs=3,data scientist,2023-07-14,indeed
https://www.indeed.com/rc/clk?jk=46ae36bedd15dc49&fccid=71cf745ec1b3aae4&vjs=3,data scientist,2023-07-14,indeed
https://www.indeed.com/rc/clk?jk=b820d6ff25bdf974&fccid=a945cd29322b8511&vjs=3,data scientist,2023-07-14,indeed
https://www.indeed.com/rc/clk?jk=515f7a6863e0fb82&fccid=5331bd238d9f0c45&vjs=3,data scientist,2023-07-14,indeed
https://www.indeed.com/rc/clk?jk=cd2c1d85afded5d3&fccid=5d72e2fe76078b02&vjs=3,data scientist,2023-07-14,indeed
https://www.indeed.com/rc/clk?jk=8e7c6c37846fc8e0&fccid=3fc872762daaa4f5&vjs=3,data scientist,2023-07-14,indeed
https://www.indeed.com/rc/clk?jk=d8ea41a522e9d596&fccid=c46d0116f6e69eae&vjs=3,data scientist,2023-07-14,indeed
https://www.indeed.com/rc/clk?jk=53bf64e6debfdaa2&fccid=035229327af06091&vjs=3,data scientist,2023-07-14,indeed
https://www.indeed.com/rc/clk?jk=954163307e255791&fccid=b1df71503af843b7&vjs=3,data scientist,2023-07-14,indeed
https://www.indeed.com/rc/clk?jk=eec4d9f6e48225c4&fccid=a5b4499d9e91a5c6&vjs=3,data scientist,2023-07-14,indeed
https://www.indeed.com/rc/clk?jk=4461c200aa32888f&fccid=c46d0116f6e69eae&vjs=3,data scientist,2023-07-14,indeed
https://www.indeed.com/rc/clk?jk=de352df6469c54c8&fccid=060474ef1576996b&vjs=3,data scientist,2023-07-14,indeed
https://www.indeed.com/rc/clk?jk=e1b6cfd289d1fe60&fccid=ba07516c418dda52&vjs=3,data scientist,2023-07-14,indeed
https://www.indeed.com/rc/clk?jk=759f0311d00e08a5&fccid=c46d0116f6e69eae&vjs=3,data scientist,2023-07-14,indeed
https://www.indeed.com/rc/clk?jk=3386a7bbcb671b30&fccid=a9a275f507bb2412&vjs=3,data scientist,2023-07-14,indeed
"https://www.indeed.com/company/Inferno-Systems,-Inc./jobs/Data-Scientist-01abc7847088293f?fccid=992036240941c5a0&vjs=3",data scientist,2023-07-14,indeed
https://www.indeed.com/rc/clk?jk=ca810eee7a2d1fef&fccid=c04c7b1b607f1cdc&vjs=3,data scientist,2023-07-14,indeed
https://www.indeed.com/rc/clk?jk=430fac2bac9f5350&fccid=f84df4c3dd856025&vjs=3,data scientist,2023-07-14,indeed
https://www.indeed.com/rc/clk?jk=3574e8c656e72c18&fccid=1dc32badf02d6835&vjs=3,data scientist,2023-07-14,indeed
https://www.indeed.com/rc/clk?jk=5d8dd77a3d4568cb&fccid=e7c7bace894a9291&vjs=3,data scientist,2023-07-14,indeed
https://www.indeed.com/rc/clk?jk=0dace63443bbae11&fccid=027d7cca25a5d14f&vjs=3,data scientist,2023-07-14,indeed
https://www.indeed.com/rc/clk?jk=7f9d86cc255ab36c&fccid=77426fa86bb11d7c&vjs=3,data scientist,2023-07-14,indeed
https://www.indeed.com/rc/clk?jk=1d5593ebe821f1ec&fccid=9e215d88a6b33622&vjs=3,data scientist,2023-07-14,indeed
https://www.indeed.com/rc/clk?jk=007a4997bf0cb048&fccid=d621f9a5603cfedd&vjs=3,data scientist,2023-07-14,indeed
https://www.indeed.com/rc/clk?jk=73080fad266f45c1&fccid=a5b4499d9e91a5c6&vjs=3,data scientist,2023-07-14,indeed
https://www.indeed.com/rc/clk?jk=f5fb265767a180c6&fccid=caed318a9335aac0&vjs=3,data scientist,2023-07-14,indeed
https://www.indeed.com/rc/clk?jk=0b5af2aba9f1b629&fccid=614604a6208fa23b&vjs=3,data scientist,2023-07-14,indeed
https://www.indeed.com/rc/clk?jk=c04d47b34a2a9fed&fccid=d5e710e5e44bf393&vjs=3,data scientist,2023-07-14,indeed
https://www.indeed.com/rc/clk?jk=242734b128d4fabf&fccid=c46d0116f6e69eae&vjs=3,data scientist,2023-07-14,indeed
https://www.indeed.com/rc/clk?jk=140fceeb663c7411&fccid=c46d0116f6e69eae&vjs=3,data scientist,2023-07-14,indeed
https://www.indeed.com/rc/clk?jk=e03e43eec730880f&fccid=c46d0116f6e69eae&vjs=3,data scientist,2023-07-14,indeed
https://www.indeed.com/rc/clk?jk=1887267bb037258d&fccid=c46d0116f6e69eae&vjs=3,data scientist,2023-07-14,indeed
https://www.indeed.com/rc/clk?jk=931e39a8faa15380&fccid=cfbc2963963231b6&vjs=3,data scientist,2023-07-14,indeed
https://www.indeed.com/rc/clk?jk=63f94fc6f17932cf&fccid=f042b91ff3f82696&vjs=3,data scientist,2023-07-14,indeed
https://www.indeed.com/rc/clk?jk=3b5a610b8306e349&fccid=e32d933c26e873c8&vjs=3,data scientist,2023-07-14,indeed
https://www.indeed.com/rc/clk?jk=b2ef1f0c44d83855&fccid=c46d0116f6e69eae&vjs=3,data scientist,2023-07-14,indeed
https://www.indeed.com/rc/clk?jk=967cfba5a414027f&fccid=7442885bc0fa7c14&vjs=3,data scientist,2023-07-14,indeed
https://www.indeed.com/rc/clk?jk=e01f6ae4f47216dd&fccid=f042b91ff3f82696&vjs=3,data scientist,2023-07-14,indeed
https://www.indeed.com/rc/clk?jk=c0f6d67119662260&fccid=d5a5824be27ba831&vjs=3,data scientist,2023-07-14,indeed
https://www.indeed.com/rc/clk?jk=f074f63b86582b55&fccid=f042b91ff3f82696&vjs=3,data scientist,2023-07-14,indeed
https://www.indeed.com/rc/clk?jk=58311b2f29085a22&fccid=c1099851e9794854&vjs=3,data scientist,2023-07-14,indeed
https://www.indeed.com/company/OneRio-inc.com/jobs/Machine-Learning-Engineer-44a042ac30b69499?fccid=d0d70cfbee7a2960&vjs=3,data scientist,2023-07-14,indeed
https://www.indeed.com/rc/clk?jk=e6018c18a4834caf&fccid=679aea3b529f8f45&vjs=3,data scientist,2023-07-14,indeed
https://www.indeed.com/rc/clk?jk=1771b95cffd8719e&fccid=d621f9a5603cfedd&vjs=3,data scientist,2023-07-14,indeed
https://www.indeed.com/rc/clk?jk=e3a670c67406977a&fccid=686992c6831d8b20&vjs=3,data scientist,2023-07-14,indeed
https://www.indeed.com/rc/clk?jk=bad3fdf70d74946b&fccid=1dcb95d25d2c9b38&vjs=3,data scientist,2023-07-14,indeed
https://www.indeed.com/rc/clk?jk=f5864dd32259834f&fccid=c46d0116f6e69eae&vjs=3,data scientist,2023-07-14,indeed
https://www.indeed.com/rc/clk?jk=49af213e6d09e334&fccid=0a10ade3465aa10f&vjs=3,data scientist,2023-07-14,indeed
https://www.indeed.com/rc/clk?jk=a026945af8fd723b&fccid=822bc5d9a49270ea&vjs=3,data scientist,2023-07-14,indeed
https://www.indeed.com/rc/clk?jk=6a8a5c71133658ed&fccid=c1099851e9794854&vjs=3,data scientist,2023-07-14,indeed
https://www.indeed.com/rc/clk?jk=0397a37ded6919fa&fccid=c46d0116f6e69eae&vjs=3,data scientist,2023-07-14,indeed
https://www.indeed.com/rc/clk?jk=7b02c5377247256a&fccid=89ea3dba7cc894ea&vjs=3,data scientist,2023-07-14,indeed
https://www.indeed.com/rc/clk?jk=6588108c8917cd81&fccid=c1099851e9794854&vjs=3,data scientist,2023-07-14,indeed
https://www.indeed.com/rc/clk?jk=8b2af656da5f0734&fccid=a5b4499d9e91a5c6&vjs=3,data scientist,2023-07-14,indeed
https://www.indeed.com/rc/clk?jk=0896cc11eca9edce&fccid=532afac41b2663f7&vjs=3,data scientist,2023-07-14,indeed
https://www.indeed.com/rc/clk?jk=feff4db279d45ed1&fccid=9d4dbca3ed8b9cdf&vjs=3,data scientist,2023-07-14,indeed
https://www.indeed.com/rc/clk?jk=ee4488b9771bd2a9&fccid=49a5c211e884fc9a&vjs=3,data scientist,2023-07-14,indeed
https://www.indeed.com/rc/clk?jk=6653ba297a6dc39a&fccid=b66a6a9631ccf453&vjs=3,data scientist,2023-07-14,indeed
https://www.indeed.com/rc/clk?jk=7e9f874fe501ea82&fccid=614604a6208fa23b&vjs=3,data scientist,2023-07-14,indeed
https://www.indeed.com/rc/clk?jk=a751af9c792a1797&fccid=cba01270e96bb012&vjs=3,data scientist,2023-07-14,indeed
https://www.indeed.com/rc/clk?jk=4d3a8009e3a72812&fccid=c46d0116f6e69eae&vjs=3,data scientist,2023-07-14,indeed
https://www.indeed.com/rc/clk?jk=e0e440f0f2c8b3a2&fccid=5d3ed74ca4598964&vjs=3,data scientist,2023-07-14,indeed
https://www.indeed.com/rc/clk?jk=7c2fa3be4bd88f82&fccid=fa05afb3210273ab&vjs=3,data scientist,2023-07-14,indeed
https://www.indeed.com/rc/clk?jk=0b55c9e12f298e10&fccid=2fb208a1dacd8d3c&vjs=3,data scientist,2023-07-14,indeed
https://www.indeed.com/rc/clk?jk=eb69e6d9270c0806&fccid=f042b91ff3f82696&vjs=3,data scientist,2023-07-14,indeed
https://www.indeed.com/rc/clk?jk=7a683b18e550fe6c&fccid=cba01270e96bb012&vjs=3,data scientist,2023-07-14,indeed
https://www.indeed.com/rc/clk?jk=07a6544cb785859d&fccid=bfbe64a8606c7802&vjs=3,data scientist,2023-07-14,indeed
https://www.indeed.com/rc/clk?jk=d5e40d807de0bc4c&fccid=4e041af1d0af1bc8&vjs=3,data scientist,2023-07-14,indeed
https://www.indeed.com/rc/clk?jk=514f5ef0bebfbc08&fccid=c46d0116f6e69eae&vjs=3,data scientist,2023-07-14,indeed
https://www.indeed.com/rc/clk?jk=4ed4eac4613caff2&fccid=a3b51ece17c02aae&vjs=3,data scientist,2023-07-14,indeed
https://www.indeed.com/rc/clk?jk=9a2de36e851ae1f1&fccid=c46d0116f6e69eae&vjs=3,data scientist,2023-07-14,indeed
https://www.indeed.com/rc/clk?jk=83775b82a4c26bc4&fccid=c1099851e9794854&vjs=3,data scientist,2023-07-14,indeed
https://www.indeed.com/rc/clk?jk=461e267437f7de10&fccid=c1099851e9794854&vjs=3,data scientist,2023-07-14,indeed
https://www.indeed.com/rc/clk?jk=d0d7b2d061976e3a&fccid=db25687464a9ecf6&vjs=3,data scientist,2023-07-14,indeed
https://www.indeed.com/rc/clk?jk=a7d2e31e56b1410e&fccid=c46d0116f6e69eae&vjs=3,data scientist,2023-07-14,indeed
https://www.indeed.com/rc/clk?jk=f73af896fb63afb3&fccid=c46d0116f6e69eae&vjs=3,data scientist,2023-07-14,indeed
https://www.indeed.com/rc/clk?jk=f52cff6a50be0700&fccid=5bcd1ef0a7f4fb99&vjs=3,data scientist,2023-07-14,indeed
https://www.indeed.com/rc/clk?jk=0e1f48bed7028c4c&fccid=c46d0116f6e69eae&vjs=3,data scientist,2023-07-14,indeed
https://www.indeed.com/rc/clk?jk=f6f1743b97b40201&fccid=9dbdbdd69e554e30&vjs=3,data scientist,2023-07-14,indeed
https://www.indeed.com/rc/clk?jk=7cdc351841ad1cb7&fccid=688da0708efbe570&vjs=3,data scientist,2023-07-14,indeed
https://www.indeed.com/rc/clk?jk=c5110345cd124dc3&fccid=f042b91ff3f82696&vjs=3,data scientist,2023-07-14,indeed
https://www.indeed.com/rc/clk?jk=9426ae63384c2f99&fccid=a22ce9e15eeb2459&vjs=3,data scientist,2023-07-14,indeed
https://www.indeed.com/rc/clk?jk=0fc51c274ccd7d8d&fccid=c46d0116f6e69eae&vjs=3,data scientist,2023-07-14,indeed
https://www.indeed.com/rc/clk?jk=e18a931392e90798&fccid=a5b4499d9e91a5c6&vjs=3,data scientist,2023-07-14,indeed
https://www.indeed.com/rc/clk?jk=52a0eec88ca2088a&fccid=a22ce9e15eeb2459&vjs=3,data scientist,2023-07-14,indeed
https://www.indeed.com/rc/clk?jk=bea47c9819489299&fccid=f042b91ff3f82696&vjs=3,data scientist,2023-07-14,indeed
https://www.indeed.com/rc/clk?jk=9759658cdff6e17a&fccid=aeb15e43a6800b9d&vjs=3,data scientist,2023-07-14,indeed
https://www.indeed.com/rc/clk?jk=5355267ab8cfa1eb&fccid=f042b91ff3f82696&vjs=3,data scientist,2023-07-14,indeed
https://www.indeed.com/rc/clk?jk=2d4193619bdb8b5e&fccid=c46d0116f6e69eae&vjs=3,data scientist,2023-07-14,indeed
https://www.indeed.com/rc/clk?jk=0d0bb563956f5ac2&fccid=142783ac2edbe56b&vjs=3,data scientist,2023-07-14,indeed
https://www.indeed.com/rc/clk?jk=0a489a260ffc3872&fccid=c46d0116f6e69eae&vjs=3,data scientist,2023-07-14,indeed
https://www.indeed.com/rc/clk?jk=ead69e259f27f8c1&fccid=c267202434f82771&vjs=3,data scientist,2023-07-14,indeed
https://www.indeed.com/rc/clk?jk=427283457947bf09&fccid=1174e11d97fd620e&vjs=3,data scientist,2023-07-14,indeed
https://www.indeed.com/rc/clk?jk=e9eddd988ab7a91b&fccid=9d1ea4795106587c&vjs=3,data scientist,2023-07-14,indeed
https://www.indeed.com/rc/clk?jk=5bdd0a77dad2520d&fccid=a2dd2fd87a847fcd&vjs=3,data scientist,2023-07-14,indeed
https://www.indeed.com/rc/clk?jk=feb434e17b20d4f2&fccid=810178099fb1fcbc&vjs=3,data scientist,2023-07-14,indeed
https://www.indeed.com/pagead/clk?mo=r&ad=-6NYlbfkN0A4Pd9G7Psxse2LYHgJRkYguHzML5L6KVZLzJM3sNXICnMc3eh3dt3QEYOmT_Cvlg6dTXCW3A32HN3K-fY19UN1NQl22h6uLYWWyA_zgWEb2kIN1Ivdg2vozP3E44wf3Yiso2aF63TQwuPAm5s_yO-FnBVtQzUoh6E2ryLrR6lM0v8hPeJB-6RmjKD40N7umzWVVp3CqrjCCu6UOd1-ny8obYsfieprPH_HlXbNMKoIDHSCHXG36Ljr9lOjRYsR892TUj3FlFnMX5rYpc4gAw3d75dNGnThfNgAK8ubE3nY5-QcQbxuY2ng6E0McAD6K90j__lHNLxCObzuPaJbXVXTsLfo_tQnCtm-OhObcA1TCaWuIvPQF5sV_b9vSJYtTKB3_mdQpaU4M-3RgdxVKNouvlWiuyZZIk8DKScaI_P3uc6Gjz19l3-qmlauu_FxRvWX4URMxGh9R0EbILoUqegg_NCjFIZDYQ0mrRxrqPdqNjavny4UkwUcJswea6z6g7USerHb-E-7Fw==&xkcb=SoDY-_M3NryxSAWZlZ0LbzkdCdPP&p=0&fvj=1&vjs=3,AI engineer,2023-07-14,indeed
https://www.indeed.com/rc/clk?jk=7841fbfeb55b6898&fccid=c3c8d792d574022a&vjs=3,AI engineer,2023-07-14,indeed
https://www.indeed.com/rc/clk?jk=63a2355e9aec5b14&fccid=ba07516c418dda52&vjs=3,AI engineer,2023-07-14,indeed
https://www.indeed.com/rc/clk?jk=793a1f6ce9498bcb&fccid=ba2329b92f36640c&vjs=3,AI engineer,2023-07-14,indeed
https://www.indeed.com/pagead/clk?mo=r&ad=-6NYlbfkN0CjzjDqO3L2Zh_DXtxwMZV2eam8-AsDqrfjYcwWe19H_-DHhvES74i7Kc98ttcNKwyKL1sm6vMU4qMZAce1onS_zuV98HKhxCxt7Asgqqs5NtpTbbrsVTot6ygu14AXNHB1RxPCLggA1BNi6K2thvz8m299C37kaHOR90Q0_sq2fu5P5NRR9Ni7DcVfxTu7KqK6GnNIdB6wX1BtwBf77hZQTm1Yw93rlufPXimshzst9ka-qvc0n_9a--Y0ST0vS6qHTLxQASxpSDJElJgjXgJbFoJowAz2SC7MH8FJWc743U95n5tur5EIBsewk4U03azqbff0SkD9rlOoZ7-JCXbDiJfOaEFGkPcsAJf5dOge_NzL4AhQ56b9cqewX6S9CjKGqW7-Qc1bJE6kQyeIjFXWqd_E9f3inhCmFtxbgd3luK67MKuDzxZ4A-DPyXGAQa1wB977ml69F7frti3boJx0&xkcb=SoDL-_M3NryxSAWZlZ0PbzkdCdPP&p=4&fvj=0&vjs=3,AI engineer,2023-07-14,indeed
https://www.indeed.com/rc/clk?jk=e88f5777b95c3ea7&fccid=ba07516c418dda52&vjs=3,AI engineer,2023-07-14,indeed
https://www.indeed.com/rc/clk?jk=f0912d8755942e7b&fccid=9b65aa9d803a8dd1&vjs=3,AI engineer,2023-07-14,indeed
https://www.indeed.com/rc/clk?jk=ba0d014377fba5fa&fccid=d0951321eb086d95&vjs=3,AI engineer,2023-07-14,indeed
https://www.indeed.com/rc/clk?jk=4c35cd24182388c5&fccid=f2ab4689def17626&vjs=3,AI engineer,2023-07-14,indeed
https://www.indeed.com/rc/clk?jk=19270e9005b5f1fe&fccid=c1099851e9794854&vjs=3,AI engineer,2023-07-14,indeed
https://www.indeed.com/rc/clk?jk=df7ffe2b2557891c&fccid=c46d0116f6e69eae&vjs=3,AI engineer,2023-07-14,indeed
https://www.indeed.com/rc/clk?jk=cf44132cfa4df3ae&fccid=aad6e6914aa5c1d3&vjs=3,AI engineer,2023-07-14,indeed
https://www.indeed.com/rc/clk?jk=e1b6cfd289d1fe60&fccid=ba07516c418dda52&vjs=3,AI engineer,2023-07-14,indeed
https://www.indeed.com/rc/clk?jk=1ed81a2d4244b6c5&fccid=297250c37729d201&vjs=3,AI engineer,2023-07-14,indeed
https://www.indeed.com/rc/clk?jk=6a8a5c71133658ed&fccid=c1099851e9794854&vjs=3,AI engineer,2023-07-14,indeed
https://www.indeed.com/pagead/clk?mo=r&ad=-6NYlbfkN0Dr_hnQ-Jfvx8x1kl6LZGw5tBy_C31iSfGQgc5_4VANfue_93K9iiybp9FjFgPfLoKPMEtNpPkrUKt_Xj4B8oe5TWXjoqgnmZn8pcRyJuXjsiI0ETpUkWsbPh2dDYtRuDUKy9zdW4_OhogACrumtbZrmfRw1nO7G28Jwk9EvBKMd9EYiflCfQmqQwlLhUmwcqatZs-nSWaqDkW4ZJYjBgqrQb8qSBFknr4qMkShhBHv8IwdUsCxhx8ImOydxp1TAxJpXA5AHql08d-h5pg4SWIIdKvMfl3pbjs4jnpdv5gHLXR7UPGgWUQdc-TmTVa_E4xJZrpTqbSnVU6gdAX25U7LgTHqnAWEvixlA8PRV20nl4wzqlS0WGgWJIpG5DHPHedqeE5gSii66LXgOm2Bpp4cruJG-2pJeYaFBUmTmfG5fwnxx_yYdUR_YJCIVWBumH_LvFh80bCqDx2YaUyy_YmZYiK164mrRBVfCu_hCcpVVQ==&xkcb=SoCu-_M3NrywbRTajR0LbzkdCdPP&p=0&fvj=0&vjs=3,AI engineer,2023-07-14,indeed
https://www.indeed.com/rc/clk?jk=825fbf42e1b186c7&fccid=c762a27145bd166e&vjs=3,AI engineer,2023-07-14,indeed
https://www.indeed.com/rc/clk?jk=4b49057ab5384d38&fccid=caed318a9335aac0&vjs=3,AI engineer,2023-07-14,indeed
https://www.indeed.com/rc/clk?jk=31d0146c527e8506&fccid=a5b4499d9e91a5c6&vjs=3,AI engineer,2023-07-14,indeed
https://www.indeed.com/company/Dance4Healing/jobs/Software-Engineer-ecab5f28eff5642d?fccid=69dbcf67a81eb062&vjs=3,AI engineer,2023-07-14,indeed
https://www.indeed.com/rc/clk?jk=699bf8df9be4a6cc&fccid=7442885bc0fa7c14&vjs=3,AI engineer,2023-07-14,indeed
https://www.indeed.com/rc/clk?jk=1b63668482af5fd2&fccid=95b5224741b7ac93&vjs=3,AI engineer,2023-07-14,indeed
https://www.indeed.com/rc/clk?jk=050f7e13d98a285c&fccid=2533cae23e1c083e&vjs=3,AI engineer,2023-07-14,indeed
https://www.indeed.com/rc/clk?jk=dbfd4e2885a39a29&fccid=105ecfd0283f415f&vjs=3,AI engineer,2023-07-14,indeed
https://www.indeed.com/rc/clk?jk=1887267bb037258d&fccid=c46d0116f6e69eae&vjs=3,AI engineer,2023-07-14,indeed
https://www.indeed.com/rc/clk?jk=967cfba5a414027f&fccid=7442885bc0fa7c14&vjs=3,AI engineer,2023-07-14,indeed
https://www.indeed.com/company/Intrinsic/jobs/Modeling-Engineer-4c642342321068b8?fccid=9bfb52170285eb24&vjs=3,AI engineer,2023-07-14,indeed
https://www.indeed.com/rc/clk?jk=292f7a61c002f48c&fccid=a5b4499d9e91a5c6&vjs=3,AI engineer,2023-07-14,indeed
https://www.indeed.com/rc/clk?jk=e7344cadf3126ddf&fccid=66403b30a2c0d89c&vjs=3,AI engineer,2023-07-14,indeed
https://www.indeed.com/rc/clk?jk=17e2044b5b90b79e&fccid=c46d0116f6e69eae&vjs=3,AI engineer,2023-07-14,indeed
https://www.indeed.com/rc/clk?jk=0eebc7861d7846df&fccid=79b1953a75a5cc1a&vjs=3,AI engineer,2023-07-14,indeed
https://www.indeed.com/rc/clk?jk=f2d9c955315bbc0e&fccid=0d9a7400c0a8fdec&vjs=3,AI engineer,2023-07-14,indeed
https://www.indeed.com/rc/clk?jk=5b0c32ec4ae0be4f&fccid=7442885bc0fa7c14&vjs=3,AI engineer,2023-07-14,indeed
https://www.indeed.com/rc/clk?jk=bfda34c473c0283b&fccid=0cdcdb3ef9721185&vjs=3,AI engineer,2023-07-14,indeed
https://www.indeed.com/rc/clk?jk=1d0f5d9e2c69ec3a&fccid=caed318a9335aac0&vjs=3,AI engineer,2023-07-14,indeed
https://www.indeed.com/rc/clk?jk=da08ff6c043a0cad&fccid=9e215d88a6b33622&vjs=3,AI engineer,2023-07-14,indeed
https://www.indeed.com/rc/clk?jk=c81902d19b25e060&fccid=5b4ea6c0422a3b24&vjs=3,AI engineer,2023-07-14,indeed
https://www.indeed.com/rc/clk?jk=0dcf266a4b4edfe1&fccid=913e1b259c8d65e2&vjs=3,AI engineer,2023-07-14,indeed
https://www.indeed.com/rc/clk?jk=dc631b956d14df0c&fccid=f50e9432aa0cc57f&vjs=3,AI engineer,2023-07-14,indeed
https://www.indeed.com/rc/clk?jk=f46d39dbd165cf66&fccid=a5b4499d9e91a5c6&vjs=3,AI engineer,2023-07-14,indeed
https://www.indeed.com/rc/clk?jk=79ab7ac20f1a3e9e&fccid=b7f529914fb2ffef&vjs=3,AI engineer,2023-07-14,indeed
https://www.indeed.com/rc/clk?jk=8b2af656da5f0734&fccid=a5b4499d9e91a5c6&vjs=3,AI engineer,2023-07-14,indeed
https://www.indeed.com/rc/clk?jk=83775b82a4c26bc4&fccid=c1099851e9794854&vjs=3,AI engineer,2023-07-14,indeed
https://www.indeed.com/rc/clk?jk=dc695fa111b35343&fccid=b7f529914fb2ffef&vjs=3,AI engineer,2023-07-14,indeed
https://www.indeed.com/rc/clk?jk=fb534e54ec2068b7&fccid=ba07516c418dda52&vjs=3,AI engineer,2023-07-14,indeed
https://www.indeed.com/rc/clk?jk=43e3627703dfbf50&fccid=578c2ce08a4e9823&vjs=3,AI engineer,2023-07-14,indeed
https://www.indeed.com/rc/clk?jk=59d11507ee65c68e&fccid=72b2e419705c02f8&vjs=3,AI engineer,2023-07-14,indeed
https://www.indeed.com/rc/clk?jk=2cbe480ab5e74c57&fccid=773041d0d31c442a&vjs=3,AI engineer,2023-07-14,indeed
https://www.indeed.com/rc/clk?jk=4e47ab0fb70f2393&fccid=c57da989524f65e7&vjs=3,AI engineer,2023-07-14,indeed
https://www.indeed.com/rc/clk?jk=66475d3fcfbcf08b&fccid=82656d64a9a3e6a7&vjs=3,AI engineer,2023-07-14,indeed
https://www.indeed.com/rc/clk?jk=7b02c5377247256a&fccid=89ea3dba7cc894ea&vjs=3,AI engineer,2023-07-14,indeed
https://www.indeed.com/rc/clk?jk=1c7bb8f30533dfa8&fccid=c267f29f0f85e8b8&vjs=3,AI engineer,2023-07-14,indeed
https://www.indeed.com/rc/clk?jk=62a530d3136f0a73&fccid=9784ae78e9834539&vjs=3,AI engineer,2023-07-14,indeed
https://www.indeed.com/rc/clk?jk=d7f85b718d7978f3&fccid=105ecfd0283f415f&vjs=3,AI engineer,2023-07-14,indeed
https://www.indeed.com/rc/clk?jk=7c46786f50796139&fccid=de17d77aee255519&vjs=3,AI engineer,2023-07-14,indeed
https://www.indeed.com/rc/clk?jk=1b390b53ee0461ac&fccid=5499d64104642764&vjs=3,AI engineer,2023-07-14,indeed
https://www.indeed.com/rc/clk?jk=9d9bed720a6630bb&fccid=cffd065f9ff9e672&vjs=3,AI engineer,2023-07-14,indeed
https://www.indeed.com/rc/clk?jk=c0f6d67119662260&fccid=d5a5824be27ba831&vjs=3,AI engineer,2023-07-14,indeed
https://www.indeed.com/rc/clk?jk=e6d725dcfe8f06eb&fccid=7655fb7543c6cbbf&vjs=3,AI engineer,2023-07-14,indeed
https://www.indeed.com/rc/clk?jk=b54ad75ec7c310ae&fccid=090a7d416d718609&vjs=3,AI engineer,2023-07-14,indeed
https://www.indeed.com/pagead/clk?mo=r&ad=-6NYlbfkN0C1zplEsFktHkQc7kOOwm4rInMAlFzAoLIRfcwaDPIGgu8jCB8VseTUYObc-C-PZ6iqJRD0HZSh__MGsJDykU1e54HhO0dDceV28NqMLGnLnT0Ylvyj0uM3Dg5GsQbACsKAQ7Fa9yqwjlbSyuCgajSdudGpMcxRNWDrLP6C6ycjproAOwkTJ1K6y5fIJVnHYjA0PsBbnsJuB4gdemUQkfauuBQJKZol2MysdvOORZBjys6D8W92GH3AFOoA1AYppJTtrK0Gx8L-6LusblYxV1gfpS0hTLi2GWM_M9A9YUzqC2_qZ1-jEXOO3C06CvGEkhFeeBvCc23prmmj_cKtN1zqHqf7xcCyIQ57FjtaPyBbPZbGe8ArANJJy8cFSI0NytcwmASnaxyj1593XJA6_aD8pum1YKM9FdmpMu8Im960V4fPdHY17E5KhxhhbfFmQIZCjWK-6mdr3X4VOyTAFA78C--LE1L4xiu8rk4HfhuIR9zXQYq8sq9Rf6VCZ8i2tp6yvaiusyoPtKk4KLDxROsPSP_O9BUpRp1eSIXX1ELOFAWU_2JX0l2DrC3rKVYnhxt5bc1_X50fffHVk04PSWyCgp--mn0ZuQYxCXE0YkAF4Qzfi6Eugsqa&xkcb=SoD7-_M3NrzPP2RchZ0LbzkdCdPP&p=0&fvj=0&vjs=3,AI engineer,2023-07-14,indeed
https://www.indeed.com/pagead/clk?mo=r&ad=-6NYlbfkN0DlG8eQ-E_eElbjQUAvh1Po9TMRdgcP7wLVIjfv-ORu9JgO3eKYfgel2s47D-0NuUVzHsRpPAe3kOGOPlifs_woTd5QFWW_LLdw-9-P5a7IAmJMrfYPljVG2TUxypIT1Lq900voSkrH1GWGQ-8j5-HACJOVhyz-8p_GTIfhfQ3hZezUxqvGUVwYu80eeUzTOBCBIpEj7ZDD2IOqSfM7Ie_DJ-BMHaZs2ovdLv-hiDS_0U_o17T5KctAyfTmYUhnFojrGT6GRNT61Wh3In7eyMjkzoEGxuo4GbEqgZfADfRfyiPD7QHsZVr24BLzuCUYY44gkvsSCwdq2r7b8PgSrrdIL3rlLuNskROy0WtCWnT9sZsboY9kizGWghKq01zFD8fLcvB0qM9XzCYqeAEfbVT6rppgEYkYs8Uroc5mBRur_sWeE7d6QE6SZLhxeGGqFEKisek7iBIDneoNN_5n7HSRm54nPmqpfllSzv_i0jKVfm5Es6uA5_wR1W2YiwcTG5xOp2ipyIRPYaFu9rme8YIzyKS1gpGUA0VyCCyfO4BJocz8n2_v4Pt0Ev2vF7H0A0ROSlpDyoFxhF43gr1O36AuNphn26qEYNZGClG3zlD8-6KRbn5z2g3vVTR6AOjZ0tq5e9UyzcJh19MdUE1CFlmb6VdDg23O7EubmQ0Aaes6djwU9CTiLDAtnhhtL8OOvhQ5EgYilNjG5JgPVIYcWCmyonpxsAt9bl8Jom3L_bVf3hX6ulucM4v7agpQ7JaYCpp9iY-l5Q20vvsM5EcSWo7WuR1r_dJNoDrHWL3fAqVKZGeCF4pA5MwCfeQkalWv5IMIgur3w33Zdoqm4SksZaJyKwHMpoHDzS4Z-1T33g8hTg==&xkcb=SoBP-_M3NrzPP2RchZ0KbzkdCdPP&p=1&fvj=0&vjs=3,AI engineer,2023-07-14,indeed
https://www.indeed.com/pagead/clk?mo=r&ad=-6NYlbfkN0DukAwDndutArnS8OT3znlJ-TW2KpK_7rZjO0LfXc6UVAQABOnHScXi3wc08kE6XxYkAC3fjWXFc9aA9Kdw03Ra7lhMW7LmZ_cu-6G7chdCPvwzst1mRuTW7KP2c3uMuY4eQ-bMPwIxCL_GgPBgMBDRJFTWHrjPZLhLB3xIREJ61dLi0-cGto54m2LT0Nv3akMgW-VLvN7Aq5oSXsYORvsHlannOEFg9S-Tmz_1Fz5IzxdJ3zWevjbRRVXMtSFjz2PIn9G-RZrZS9ku6fBH3Y3GQg7tGXEWvH4ZT4reyce2qHPZcyuMycLGzXIUiCqS64U0iGcvV7ee8oTRyPs70c9rqWhC8DyR9vp_9pacOKM8wrdObd1lFgZUYyCTLryf8UAEeNnULb2khOxqrJvx4P3aaubMukHfqdK6HbgYxi_p7lG5YoVxkFyrIySzPFAC-GWfPEAU4nfjUKyKIAxduc3rBY3GNTyREs7rCCXO7B2BJb1DC3Ej4FgbOGi6JkfK1fHs5Xr6lbW4ZRl6g1_aF6cVtPlyFulTPsk=&xkcb=SoDS-_M3NrzPP2RchZ0JbzkdCdPP&p=2&fvj=1&vjs=3,AI engineer,2023-07-14,indeed
https://www.indeed.com/pagead/clk?mo=r&ad=-6NYlbfkN0AkkitoYsT710tvHNh-j77zAVLD25tV7Cs0YozZUvlkdEUQJljV4yh6BdkAGsfgRzTU_n8NGxWycU7ZtKaD4_XWF67hFC4Jyh9QB9kAOLrvJGBmdRB6m_UFYzi4Ru_vZ5txBohV955jMG1ssv49kYiDiBYRT-5eJRslL42C6u5sU05aqksJ4_cQdHr7GloKryD_EvDr12mfHlMZq399M3m2nj6YVlHivgBCOcPhJvgnamd5ddCOuC3OzymCbB4AEtcbso7MnuO3NSonyh-fa-wJH4NiSu0RMaf1omKhqem4jk7Z_LROJbe3Uu3_bFGNhLkDGP3hYfJ4_LbE2X2yF5hBD7O9PMiR4nyHgmBXwzQVfTt6yxMqmoomwbKSsYgRzkQ9171TL3NFikKN_qsr8UnOFTKVrxm3TzZ3-e_Aeb0ieewA6-lu1-FjMd-KwevYjhlUw5DCE4lANLtXw4gH1UHs&xkcb=SoBm-_M3NrzPP2RchZ0IbzkdCdPP&p=3&fvj=0&vjs=3,AI engineer,2023-07-14,indeed
https://www.indeed.com/company/Carrols-LLC/jobs/Full-Stack-Developer-63f317249b362bf7?fccid=3c3e07d06a785928&vjs=3,AI engineer,2023-07-14,indeed
https://www.indeed.com/rc/clk?jk=28c1c9202f75b7de&fccid=74fe06c6cbaef3fb&vjs=3,AI engineer,2023-07-14,indeed
https://www.indeed.com/rc/clk?jk=47bd02c3b698f988&fccid=f3b154b6a5d038d3&vjs=3,AI engineer,2023-07-14,indeed
https://www.indeed.com/rc/clk?jk=fcaa82c56f8d63a1&fccid=7442885bc0fa7c14&vjs=3,AI engineer,2023-07-14,indeed
https://www.indeed.com/rc/clk?jk=a375bd6feef1a05a&fccid=82a15034c4cd26ca&vjs=3,AI engineer,2023-07-14,indeed
https://www.indeed.com/company/Azimuth-Corporation/jobs/Software-Engineer-8bc7bc5f6488408b?fccid=8ae2dae2a32b293b&vjs=3,AI engineer,2023-07-14,indeed
https://www.indeed.com/rc/clk?jk=667b548b5fc5fe7d&fccid=1330a6fe4b048913&vjs=3,AI engineer,2023-07-14,indeed
https://www.indeed.com/rc/clk?jk=68f3b2a96b668115&fccid=9f2bb83bd9bfe2fc&vjs=3,AI engineer,2023-07-14,indeed
https://www.indeed.com/rc/clk?jk=8071180aca00cd06&fccid=a5b4499d9e91a5c6&vjs=3,AI engineer,2023-07-14,indeed
https://www.indeed.com/company/NuLEAP-LLC/jobs/Senior-Software-Engineer-23be0cb12b8ee6bb?fccid=405cfffc3cb28b29&vjs=3,AI engineer,2023-07-14,indeed
https://www.indeed.com/rc/clk?jk=46ae36bedd15dc49&fccid=71cf745ec1b3aae4&vjs=3,AI engineer,2023-07-14,indeed
https://www.indeed.com/rc/clk?jk=acafb01b1d3ab37a&fccid=f15bfc513a14b84c&vjs=3,AI engineer,2023-07-14,indeed
https://www.indeed.com/rc/clk?jk=a84b75fc51db6ea5&fccid=c46d0116f6e69eae&vjs=3,AI engineer,2023-07-14,indeed
https://www.indeed.com/rc/clk?jk=95aaedb9059b2e50&fccid=fbe4116e51f61656&vjs=3,AI engineer,2023-07-14,indeed
https://www.indeed.com/rc/clk?jk=a9fc6691a8ffeffc&fccid=dd616958bd9ddc12&vjs=3,AI engineer,2023-07-14,indeed
https://www.indeed.com/rc/clk?jk=242c4933cc9da11f&fccid=44f9aa469b1c1a0c&vjs=3,AI engineer,2023-07-14,indeed
https://www.indeed.com/rc/clk?jk=d6867c4f359fc8af&fccid=63ebb13d13aed2f4&vjs=3,AI engineer,2023-07-14,indeed
https://www.indeed.com/rc/clk?jk=c04d47b34a2a9fed&fccid=d5e710e5e44bf393&vjs=3,AI engineer,2023-07-14,indeed
https://www.indeed.com/rc/clk?jk=1131cfb56fb25752&fccid=773041d0d31c442a&vjs=3,AI engineer,2023-07-14,indeed
https://www.indeed.com/rc/clk?jk=73d2cd01325a8e63&fccid=a5b4499d9e91a5c6&vjs=3,AI engineer,2023-07-14,indeed
https://www.indeed.com/rc/clk?jk=feff4db279d45ed1&fccid=9d4dbca3ed8b9cdf&vjs=3,AI engineer,2023-07-14,indeed
https://www.indeed.com/rc/clk?jk=f8a52ce5ea324656&fccid=27ebd6503d598d34&vjs=3,AI engineer,2023-07-14,indeed
https://www.indeed.com/rc/clk?jk=683c4c8a019b93ab&fccid=621355d16566db19&vjs=3,AI engineer,2023-07-14,indeed
https://www.indeed.com/rc/clk?jk=a5ed768c626d5b6d&fccid=105ecfd0283f415f&vjs=3,AI engineer,2023-07-14,indeed
https://www.indeed.com/rc/clk?jk=b4854b22e1aa2258&fccid=bf9f689e7d6d18c6&vjs=3,AI engineer,2023-07-14,indeed
https://www.indeed.com/rc/clk?jk=2ada79ad99ecfc66&fccid=6ce7e0d9f67a9961&vjs=3,AI engineer,2023-07-14,indeed
https://www.indeed.com/rc/clk?jk=ff38a155b7c92ab2&fccid=c1099851e9794854&vjs=3,AI engineer,2023-07-14,indeed
https://www.indeed.com/rc/clk?jk=9110a882a6d2f3b3&fccid=06b99afa8f63ebda&vjs=3,AI engineer,2023-07-14,indeed
https://www.indeed.com/rc/clk?jk=c329e5dd2a63692d&fccid=f9b13aacd55ca265&vjs=3,AI engineer,2023-07-14,indeed
https://www.indeed.com/rc/clk?jk=69334a4ce27b405d&fccid=1380d0d61a54c0c0&vjs=3,AI engineer,2023-07-14,indeed
https://www.indeed.com/rc/clk?jk=795f441931e5ce5f&fccid=5d005f5043fecfc5&vjs=3,AI engineer,2023-07-14,indeed
https://www.indeed.com/rc/clk?jk=ee4b543ec5f12ec0&fccid=3bbc3580c4f71d08&vjs=3,AI engineer,2023-07-14,indeed
https://www.indeed.com/rc/clk?jk=6f1f8f4cddb80f65&fccid=105ecfd0283f415f&vjs=3,AI engineer,2023-07-14,indeed
https://www.indeed.com/rc/clk?jk=b0ac20b5851038f6&fccid=105ecfd0283f415f&vjs=3,AI engineer,2023-07-14,indeed
https://www.indeed.com/rc/clk?jk=9602b9835c0bb82e&fccid=950d929bfc551385&vjs=3,AI engineer,2023-07-14,indeed
https://www.indeed.com/rc/clk?jk=a2171055a0322fcd&fccid=48270b2eee62c2c6&vjs=3,AI engineer,2023-07-14,indeed
https://www.indeed.com/rc/clk?jk=6653ba297a6dc39a&fccid=b66a6a9631ccf453&vjs=3,AI engineer,2023-07-14,indeed
https://www.indeed.com/rc/clk?jk=4bcc1b58b0d0fce1&fccid=5f1f0e6dcc6cbc83&vjs=3,AI engineer,2023-07-14,indeed
https://www.indeed.com/rc/clk?jk=c6fb6186a7a9ba6c&fccid=0ec8cc856f093d22&vjs=3,AI engineer,2023-07-14,indeed
https://www.indeed.com/rc/clk?jk=1d68d34bace5d07e&fccid=1301fb6ed3627162&vjs=3,AI engineer,2023-07-14,indeed
https://www.indeed.com/rc/clk?jk=e2aaf165728c76a5&fccid=c762a27145bd166e&vjs=3,AI engineer,2023-07-14,indeed
https://www.indeed.com/rc/clk?jk=52bf7438503d15df&fccid=8df799fa44654573&vjs=3,AI engineer,2023-07-14,indeed
https://www.indeed.com/rc/clk?jk=44fec75ada26e1d7&fccid=5fca42294cdbc080&vjs=3,AI engineer,2023-07-14,indeed
https://www.indeed.com/rc/clk?jk=53ac570511ae35fb&fccid=8ea8fab3a7489066&vjs=3,AI engineer,2023-07-14,indeed
https://www.indeed.com/rc/clk?jk=3574e8c656e72c18&fccid=1dc32badf02d6835&vjs=3,AI engineer,2023-07-14,indeed
https://www.indeed.com/rc/clk?jk=2225a597cefa92b1&fccid=6244597d0df9cfa9&vjs=3,AI engineer,2023-07-14,indeed
https://www.indeed.com/rc/clk?jk=7ddb81c6ed41b4eb&fccid=a30d07b18d8e13a2&vjs=3,AI engineer,2023-07-14,indeed
https://www.indeed.com/rc/clk?jk=da9c89bdccf7e7cb&fccid=3c975d1372618ff8&vjs=3,AI engineer,2023-07-14,indeed
https://www.indeed.com/rc/clk?jk=16f4bc2a9b8e8289&fccid=d1bc2f4060e697e8&vjs=3,AI engineer,2023-07-14,indeed
https://www.indeed.com/rc/clk?jk=5d83a7896589cc66&fccid=b7f529914fb2ffef&vjs=3,AI engineer,2023-07-14,indeed
https://www.indeed.com/company/Quiet-Professionals-LLC/jobs/Software-Engineer-03c382655fbfbf10?fccid=1bda6660a754aee3&vjs=3,AI engineer,2023-07-14,indeed
https://www.indeed.com/rc/clk?jk=a12c9299f6e4406e&fccid=b0df4b7a27afb8ab&vjs=3,AI engineer,2023-07-14,indeed
https://www.indeed.com/rc/clk?jk=3524149a5836ce33&fccid=2fb270b34482755c&vjs=3,AI engineer,2023-07-14,indeed
"https://www.indeed.com/company/DigitalSpec,-LLC/jobs/Back-End-Developer-88b98cd19a30b870?fccid=4b1deee3b991fbdd&vjs=3",AI engineer,2023-07-14,indeed
https://www.indeed.com/rc/clk?jk=9759658cdff6e17a&fccid=aeb15e43a6800b9d&vjs=3,AI engineer,2023-07-14,indeed
https://www.indeed.com/rc/clk?jk=faef085a6f3fcb2e&fccid=14a9cb182a8b56b2&vjs=3,AI engineer,2023-07-14,indeed
https://www.indeed.com/rc/clk?jk=a38a3f92601a91d5&fccid=d3dba96b8eda39a8&vjs=3,AI engineer,2023-07-14,indeed
"https://www.indeed.com/company/Pinnacle-Group,-Inc./jobs/IT-Architect-0c5fd2f6b7df803e?fccid=51062cbcc488affc&vjs=3",AI engineer,2023-07-14,indeed
https://www.indeed.com/company/Auxeris/jobs/System-Engineer-39d89e5de4ab7f79?fccid=e240c05417db1675&vjs=3,AI engineer,2023-07-14,indeed
https://www.indeed.com/rc/clk?jk=f9321cb88256d8c0&fccid=f06a4d05bf5510ec&vjs=3,AI engineer,2023-07-14,indeed
https://www.indeed.com/rc/clk?jk=08379993674011bb&fccid=c267f29f0f85e8b8&vjs=3,AI engineer,2023-07-14,indeed
https://www.indeed.com/company/Amesite/jobs/Full-Stack-Developer-79d531e62a7f6b97?fccid=016d09510c0a85a0&vjs=3,AI engineer,2023-07-14,indeed
https://www.indeed.com/rc/clk?jk=4c996b8ebebddc02&fccid=6450759869a75aa3&vjs=3,AI engineer,2023-07-14,indeed
https://www.indeed.com/company/Brennan-Martin-Pugh-&-Associates/jobs/Data-Engineer-2369a7e0e03add4f?fccid=2ca67f081e2a2f99&vjs=3,AI engineer,2023-07-14,indeed
https://www.indeed.com/rc/clk?jk=e4b416ed0b0af446&fccid=c3092a91bcb42ca9&vjs=3,AI engineer,2023-07-14,indeed
https://www.indeed.com/rc/clk?jk=cc619d6af7596b30&fccid=26a9ff3182c6d789&vjs=3,AI engineer,2023-07-14,indeed
https://www.indeed.com/rc/clk?jk=2b51138de6a44f3a&fccid=105ecfd0283f415f&vjs=3,AI engineer,2023-07-14,indeed
https://www.indeed.com/rc/clk?jk=536adabaf37f8252&fccid=66d75e44b10de518&vjs=3,AI engineer,2023-07-14,indeed
https://www.indeed.com/rc/clk?jk=6ab92f006ae48f48&fccid=7d0fb64c035bdf17&vjs=3,AI engineer,2023-07-14,indeed
https://www.indeed.com/rc/clk?jk=80d3a44fa210be08&fccid=927372989cb07214&vjs=3,AI engineer,2023-07-14,indeed
https://www.indeed.com/rc/clk?jk=91ba3b949032c1a8&fccid=3efe7294c2495fde&vjs=3,AI engineer,2023-07-14,indeed
https://www.indeed.com/pagead/clk?mo=r&ad=-6NYlbfkN0BddK4H-tsabPiX3BvkwhvbvP4OkLNzlRX6egXJy9Hb1347EBXmHCsT1XlOrwQCHnoaqtqZG9SYEg1VX9GPjCjGf1XR9V-cUIwXeooc_zrMqRG7QHHfDNcFddexQsY0gaYEfyOA1At0NgHEYVu78ElFqpxkW5JhqzYuQZBVgLFgDKlb-LFBzJnwrTl-E1jhz__daM6A5II9uuqebLs5Yq3fPyWY7lH1LwYJhcKAEd96L3Fl_uoycL3GSysDvCzO1UjHEvJxxNSe-YNpsPdH483zpwGm39s2OclWiuXDj_54zFrKELc0b9yZn8laxg32tBimlDEUNXCqDUtqoFzaPc3GBSYUlIVuCUB6xrmMPyhc5zjLs93kPei_EE_1iK2UHyR49EyTtlRLxpBY1FTr_0CXEGQeNgnOS7FwzXP65IVYZ9Qc8J_LnP6WusEs3o9YMVyWVS2PgEvkHw==&xkcb=SoDe-_M3NrzNOyRkJJ0IbzkdCdPP&p=0&fvj=0&vjs=3,AI engineer,2023-07-14,indeed
https://www.indeed.com/rc/clk?jk=aef3a86c555fb3ff&fccid=e3e300fc88f0e813&vjs=3,AI engineer,2023-07-14,indeed
https://www.indeed.com/rc/clk?jk=889049f3989c5f4e&fccid=cbfa56f19cc95796&vjs=3,AI engineer,2023-07-14,indeed
https://www.indeed.com/rc/clk?jk=ea02f28d2f1bd217&fccid=85e12d633851df89&vjs=3,AI engineer,2023-07-14,indeed
"https://www.indeed.com/company/Anadarko-Industries,-LLC/jobs/Web-Developer-cdd43277a2d764ee?fccid=b97abda64719c161&vjs=3",AI engineer,2023-07-14,indeed
https://www.indeed.com/rc/clk?jk=6932e108ae117d67&fccid=6c3dc7a3394505f7&vjs=3,AI engineer,2023-07-14,indeed
https://www.indeed.com/company/Gointellects-Inc./jobs/Software-Architect-48908f1989afe5cd?fccid=05076fb9af93c5a1&vjs=3,AI engineer,2023-07-14,indeed
https://www.indeed.com/rc/clk?jk=364e002117b6bd8e&fccid=fe2d21eef233e94a&vjs=3,AI engineer,2023-07-14,indeed
https://www.indeed.com/company/Sunixa-Solutions/jobs/Machine-Learning-Engineer-cb4d8e20cdd8fbdb?fccid=b6ed810623a1c478&vjs=3,AI engineer,2023-07-14,indeed
https://www.indeed.com/rc/clk?jk=c2cdf2659966ecde&fccid=aeb15e43a6800b9d&vjs=3,AI engineer,2023-07-14,indeed
https://www.indeed.com/rc/clk?jk=f50603dde04f1b7d&fccid=fe2d21eef233e94a&vjs=3,AI engineer,2023-07-14,indeed
https://www.indeed.com/company/Evurge-Solutions/jobs/Developer-2b40f5eea810a07d?fccid=e522702fb08bcc5e&vjs=3,AI engineer,2023-07-14,indeed
https://www.indeed.com/rc/clk?jk=1342aa1f71363b36&fccid=c46d0116f6e69eae&vjs=3,AI engineer,2023-07-14,indeed
https://www.indeed.com/rc/clk?jk=dca894113b4c9d94&fccid=fe2d21eef233e94a&vjs=3,AI engineer,2023-07-14,indeed
https://www.indeed.com/rc/clk?jk=ba037b6ab25581c0&fccid=c46d0116f6e69eae&vjs=3,AI engineer,2023-07-14,indeed
https://www.indeed.com/pagead/clk?mo=r&ad=-6NYlbfkN0AIiLXtwtv0BDns9BiY4ItblantFozdL6jLmLxNvS8mvnHee7Zo7d-Q4EfwH-tZM_WjIG_PLh2RZI6nS8l1yT9g1Q2-C8RvSgRX0tGw7Ed8hXyNQ03IBHYWqn6wiIjv-_ZIShQ0b1iChwDpPzLaP4mQZ1E2sw5z8zn2DAx0sSFdMTCdz7tUKYlYxgcDt5eZcBiu9RTC9K9mTjt91nYUtgMXBCdAxalemCxUb7LmFiCR8pMuFjhvCYAZJypOunsjtp2FMYR8pCRY-3GNNhlFfOK8ve06664rEsbpIX_U4Zq6hN9D0M83HgpYChetmSaMdSkIHmABJJeXrQn_uPSWx_QpMnW1ohZ-pKaxcQc6SO1dtuFmr6GgofHDBuE0kUCC3q4unqT3jdoeljMF8nB47HZLgt49PJ27_s_l6Sd6rRHYSVO2ADc_l-VFYV06fY_qkNTccBrK1z5dwdR9MuFPPtuwjRsr0ZiR3Y9RD3WAqGj-Pg_dDAQLErK1J2xH4zoxIRuB5ljm0nz53NuXb5wDu4DBoIGtdIf1LSjOZte_G7sfZlCITMstpsjAsCv0B-iHcDeRaCKsPl5MjbB8YXY-3-aM&xkcb=SoCK-_M3NrzMk5AOqz0LbzkdCdPP&p=0&fvj=1&vjs=3,AI engineer,2023-07-14,indeed
https://www.indeed.com/pagead/clk?mo=r&ad=-6NYlbfkN0DOpfXD7aCvxSiR73RUZjyy6OuclKM9Xpb799vH3iY_yH8C-PGEd0pEb8Z7LYMtRx6GhOaIARus-6uqlLt5xYRD2LGEYxuNvgRoQaTjs02_Ij9LT-6NyPvZT_VJqYJNZ9iMxfsFRZs2S1JD0X5MoC59Jo90Dnsnp2Wp4EhX5Al3K5IMsx28hqeT3CVG3SZDFvBwd7LgTuY7VlVIC-gSMswl9epYHTqbur3nb7cpV4IqAMN8INZ7_FO9PP9_bjacK_7IGSim5BeQh4GGSf5oArZrl7_V953Tt3taT17Z1Qoqa11DsOs32bHCcR6UUnwNl-K_Qq_T8E0zLLcgDQFA9wRJUWtYA_DxYTdL3foajFkudWg9OYdCLhjn0sMCFbixPY4pZHQbhy0n8mHbLb8cVgnMKNotpeQkgwtjpkLMCcqUs9aKDKf6HCpK_ylJap3slMmF9-CppmIpTYF1DoO2ZZJH&xkcb=SoA--_M3NrzMk5AOqz0KbzkdCdPP&p=1&fvj=0&vjs=3,AI engineer,2023-07-14,indeed
https://www.indeed.com/rc/clk?jk=bbf862e61d3b7aa4&fccid=50bf9fcf24349f73&vjs=3,AI engineer,2023-07-14,indeed
https://www.indeed.com/company/RPO-International/jobs/Security-Engineer-defca311508d5ca8?fccid=98e4788c5a7fac05&vjs=3,AI engineer,2023-07-14,indeed
"https://www.indeed.com/company/DigitalSpec,-LLC/jobs/Full-Stack-Developer-e4b24a9d3c04d105?fccid=4b1deee3b991fbdd&vjs=3",AI engineer,2023-07-14,indeed
https://www.indeed.com/rc/clk?jk=7e1d8c0ad10aa967&fccid=c3c8d792d574022a&vjs=3,AI engineer,2023-07-14,indeed
https://www.indeed.com/rc/clk?jk=e040870ddcdaa313&fccid=2736ebbc71c8340f&vjs=3,AI engineer,2023-07-14,indeed
https://www.indeed.com/rc/clk?jk=d5e40d807de0bc4c&fccid=4e041af1d0af1bc8&vjs=3,AI engineer,2023-07-14,indeed
https://www.indeed.com/rc/clk?jk=073eb8e95bd996ec&fccid=c46d0116f6e69eae&vjs=3,AI engineer,2023-07-14,indeed
https://www.indeed.com/rc/clk?jk=6c3768dc45252553&fccid=14a9cb182a8b56b2&vjs=3,AI engineer,2023-07-14,indeed
https://www.indeed.com/rc/clk?jk=e1d765b9a5d0c781&fccid=c46d0116f6e69eae&vjs=3,AI engineer,2023-07-14,indeed
https://www.indeed.com/rc/clk?jk=3e6f9867d78197ce&fccid=5e72bec9bd23b046&vjs=3,AI engineer,2023-07-14,indeed
https://www.indeed.com/rc/clk?jk=1adbe2b93cbd7dd7&fccid=a30d07b18d8e13a2&vjs=3,AI engineer,2023-07-14,indeed
https://www.indeed.com/rc/clk?jk=0e1f48bed7028c4c&fccid=c46d0116f6e69eae&vjs=3,AI engineer,2023-07-14,indeed
https://www.indeed.com/rc/clk?jk=dad10e4475705247&fccid=c46d0116f6e69eae&vjs=3,AI engineer,2023-07-14,indeed
https://www.indeed.com/rc/clk?jk=5d559262028a14f8&fccid=14a9cb182a8b56b2&vjs=3,AI engineer,2023-07-14,indeed
https://www.indeed.com/rc/clk?jk=272b6582a50b197e&fccid=4e42ec53f4b93e02&vjs=3,AI engineer,2023-07-14,indeed
https://www.indeed.com/rc/clk?jk=0b4f6674397abc73&fccid=913e1b259c8d65e2&vjs=3,AI engineer,2023-07-14,indeed
https://www.indeed.com/rc/clk?jk=8ea9b1e84a0fc5d5&fccid=2fb270b34482755c&vjs=3,AI engineer,2023-07-14,indeed
https://www.indeed.com/rc/clk?jk=9ff59399f5d90194&fccid=b0759f3f30d5829c&vjs=3,AI engineer,2023-07-14,indeed
https://www.indeed.com/company/CSZ-Net-Inc/jobs/Software-Architect-36a7e85975f18fa3?fccid=ec6ca32ebc80f04c&vjs=3,AI engineer,2023-07-14,indeed
https://www.indeed.com/rc/clk?jk=b9a0fe47403d5d44&fccid=2ecf4575019bf07a&vjs=3,AI engineer,2023-07-14,indeed
https://www.indeed.com/rc/clk?jk=931e39a8faa15380&fccid=cfbc2963963231b6&vjs=3,AI engineer,2023-07-14,indeed
https://www.indeed.com/rc/clk?jk=a6b9460877aee3e8&fccid=c46d0116f6e69eae&vjs=3,AI engineer,2023-07-14,indeed
https://www.indeed.com/rc/clk?jk=5f0c60a3759fae81&fccid=c46d0116f6e69eae&vjs=3,AI engineer,2023-07-14,indeed
https://www.indeed.com/rc/clk?jk=e0ab099f425c8203&fccid=dd306d8618eba829&vjs=3,AI engineer,2023-07-14,indeed
https://www.indeed.com/rc/clk?jk=5a90e8ec9b293e0a&fccid=b93b3fd8e1cccfc5&vjs=3,AI engineer,2023-07-14,indeed
https://www.indeed.com/rc/clk?jk=74b904ab07b28ed8&fccid=4d4c4674c0d0f63e&vjs=3,AI engineer,2023-07-14,indeed
https://www.indeed.com/rc/clk?jk=24234122ef3dee95&fccid=b465c377467528ba&vjs=3,AI engineer,2023-07-14,indeed
https://www.indeed.com/rc/clk?jk=da673856040f3ce1&fccid=da902130306a451b&vjs=3,AI engineer,2023-07-14,indeed
https://www.indeed.com/rc/clk?jk=5c95709eee40a79a&fccid=62a79c4a36794fc9&vjs=3,AI engineer,2023-07-14,indeed
https://www.indeed.com/rc/clk?jk=e121e9ab38505154&fccid=394aeba807831416&vjs=3,AI engineer,2023-07-14,indeed
https://www.indeed.com/rc/clk?jk=13a1cf9aa01bf7fd&fccid=f74a75b45328cae2&vjs=3,AI engineer,2023-07-14,indeed
https://www.indeed.com/company/Precision-Cobotics/jobs/Senior-Automation-Engineer-4d54699df70dc73e?fccid=1e38496272f0ba21&vjs=3,AI engineer,2023-07-14,indeed
https://www.indeed.com/rc/clk?jk=7bdb46ee938fcfb0&fccid=c46d0116f6e69eae&vjs=3,AI engineer,2023-07-14,indeed
https://www.indeed.com/rc/clk?jk=0abebfaed5b6d3db&fccid=33ff2b72cdb0fdd3&vjs=3,AI engineer,2023-07-14,indeed
https://www.indeed.com/company/Lethyagroupinc/jobs/Software-Architect-f9fc4848d2e9fe46?fccid=140819ee3bb5b4c9&vjs=3,AI engineer,2023-07-14,indeed
https://www.indeed.com/rc/clk?jk=a3214e9cbbe1b224&fccid=c46d0116f6e69eae&vjs=3,AI engineer,2023-07-14,indeed
https://www.indeed.com/rc/clk?jk=0ac263dd1b35ce37&fccid=94bf25b4a245f6ff&vjs=3,AI engineer,2023-07-14,indeed
https://www.indeed.com/rc/clk?jk=1560fb9025a86e14&fccid=28f9fd34f44568bd&vjs=3,AI engineer,2023-07-14,indeed
https://www.indeed.com/rc/clk?jk=01e0d72a49f9a005&fccid=aeb15e43a6800b9d&vjs=3,AI engineer,2023-07-14,indeed
https://www.indeed.com/rc/clk?jk=25a6182cc34a86c3&fccid=ea0c1f50cbe7289b&vjs=3,AI engineer,2023-07-14,indeed
https://www.indeed.com/rc/clk?jk=04b3dfb95958bc1a&fccid=f50e9432aa0cc57f&vjs=3,AI engineer,2023-07-14,indeed
https://www.indeed.com/pagead/clk?mo=r&ad=-6NYlbfkN0CtvmMS2gh6TFcPtfg_dSoYlEhoKWvWvhdJKzal6LE4pcAtPAqzcHUiD_Wq-soch_bTbz1rXcp7RSgLb9R4hBuEFXacHKXsQ4Rqe18nMV4vAm_piWkvdaIvfumDxiL74sg0EougtcA38qUU5dNdTObuynpbkqhBjQGiO_HLtxM5bzIewOiQflCPwjKA3z0NQQTskIoxD5PkbXXaXCbY4OEy-s71ZlX_owznmfdaynMrsdT6j6UgFuN4wM2Hh4NByMhSxWUgPfQeIvnu0GFahW0gjgJsOaEL9jRw_qaUIcCgIBOXnbPJjqr9eE2GEaYMxX1vOwBwd6cLDZWG6r6Zqbt8E3FmPKBxG4kYE8rguwXOgm0g6u0ODuH4tDNwIea9gduqnHW5gbNrKmL0leluKEvoKsbdnAvr7wIxxFfdonuLSF-6FXm1Pl51oDMErzhgyiclxuOPT69BDjUnpfQz8KRBFXgI68cS8coNPpa9AQk3UUbcwjLH50nuIYbzxhNXPK0AFiEPzsaZ1UL51OdO_8ZI&xkcb=SoCf-_M3NrzLyIRchZ0bbzkdCdPP&p=13&fvj=0&vjs=3,AI engineer,2023-07-14,indeed
https://www.indeed.com/rc/clk?jk=b3b420df300a0265&fccid=a2520645450d003a&vjs=3,AI engineer,2023-07-14,indeed
https://www.indeed.com/rc/clk?jk=7ef6e2431eb1e479&fccid=0562f887e2bed9ea&vjs=3,AI engineer,2023-07-14,indeed
https://www.indeed.com/rc/clk?jk=c141dbe6ce3cf1d9&fccid=4670abd2e864ca6d&vjs=3,AI engineer,2023-07-14,indeed
https://www.indeed.com/rc/clk?jk=9f027b5a290f8a8d&fccid=822bc5d9a49270ea&vjs=3,AI engineer,2023-07-14,indeed
https://www.indeed.com/rc/clk?jk=58ee79c6397da3f6&fccid=6450759869a75aa3&vjs=3,AI engineer,2023-07-14,indeed
https://www.indeed.com/rc/clk?jk=e850b71e714fc032&fccid=1592c101a1ee86fb&vjs=3,AI engineer,2023-07-14,indeed
https://www.indeed.com/rc/clk?jk=80bbf9404fe38d85&fccid=372688670c2370a2&vjs=3,AI engineer,2023-07-14,indeed
https://www.indeed.com/rc/clk?jk=84760df4948322ab&fccid=c46d0116f6e69eae&vjs=3,AI engineer,2023-07-14,indeed
https://www.indeed.com/rc/clk?jk=2ab0676be9e26e61&fccid=6153cf878ee73d92&vjs=3,AI engineer,2023-07-14,indeed
https://www.indeed.com/rc/clk?jk=39a3951bd6754bb6&fccid=893b1518b0bf830f&vjs=3,AI engineer,2023-07-14,indeed
https://www.indeed.com/rc/clk?jk=1699f290dce0dc7f&fccid=019702dbd98141aa&vjs=3,AI engineer,2023-07-14,indeed
https://www.indeed.com/rc/clk?jk=1635fbc2f2ed218d&fccid=893b1518b0bf830f&vjs=3,AI engineer,2023-07-14,indeed
https://www.indeed.com/rc/clk?jk=f04a4eeccef59d4e&fccid=c46d0116f6e69eae&vjs=3,AI engineer,2023-07-14,indeed
https://www.indeed.com/rc/clk?jk=7a683b18e550fe6c&fccid=cba01270e96bb012&vjs=3,AI engineer,2023-07-14,indeed
https://www.indeed.com/rc/clk?jk=d543ba28781e5532&fccid=8c38fd5503448ab2&vjs=3,AI engineer,2023-07-14,indeed
https://www.indeed.com/rc/clk?jk=4d5d4b81d50845f8&fccid=105ecfd0283f415f&vjs=3,AI engineer,2023-07-14,indeed
https://www.indeed.com/rc/clk?jk=38e34c312a86d15c&fccid=c267f29f0f85e8b8&vjs=3,AI engineer,2023-07-14,indeed
https://www.indeed.com/rc/clk?jk=936669d00bc983cc&fccid=c46d0116f6e69eae&vjs=3,AI engineer,2023-07-14,indeed
https://www.indeed.com/rc/clk?jk=edd1b58c9c7515da&fccid=c46d0116f6e69eae&vjs=3,AI engineer,2023-07-14,indeed
https://www.indeed.com/rc/clk?jk=bad3d48c4b7ff5de&fccid=c46d0116f6e69eae&vjs=3,AI engineer,2023-07-14,indeed
https://www.indeed.com/company/RPO-International/jobs/Control-Systems-Lead-b40192edd063197b?fccid=98e4788c5a7fac05&vjs=3,AI engineer,2023-07-14,indeed
https://www.indeed.com/rc/clk?jk=715fd4d03f724c53&fccid=aeb15e43a6800b9d&vjs=3,AI engineer,2023-07-14,indeed
https://www.indeed.com/rc/clk?jk=1a2c045356b7205c&fccid=5f247ef62d973c7d&vjs=3,AI engineer,2023-07-14,indeed
https://www.indeed.com/rc/clk?jk=5d06dcd0476841e0&fccid=7039fb7b00b8b3a8&vjs=3,AI engineer,2023-07-14,indeed
https://www.indeed.com/rc/clk?jk=422f3b0b9096af55&fccid=9f2bb83bd9bfe2fc&vjs=3,AI engineer,2023-07-14,indeed
https://www.indeed.com/rc/clk?jk=68fb8f180f7a1b0f&fccid=2df6a1e69a70a1e7&vjs=3,AI engineer,2023-07-14,indeed
https://www.indeed.com/company/Texas-Community-Watershed-Partners/jobs/Software-Engineer-4eef56b657d54783?fccid=7e805f86892082d5&vjs=3,AI engineer,2023-07-14,indeed
"https://www.indeed.com/company/Sortera-Technologies,-Inc./jobs/Senior-System-Engineer-59b8a09586be242c?fccid=394ee7aa64624874&vjs=3",AI engineer,2023-07-14,indeed
https://www.indeed.com/rc/clk?jk=418de79d85f4c11a&fccid=afbf8c270610a38a&vjs=3,AI engineer,2023-07-14,indeed
https://www.indeed.com/rc/clk?jk=5c1fe000dc810b73&fccid=9e215d88a6b33622&vjs=3,AI engineer,2023-07-14,indeed
https://www.indeed.com/rc/clk?jk=c2e4c5f02c489857&fccid=5ee4e25a0bbd3533&vjs=3,AI engineer,2023-07-14,indeed
https://www.indeed.com/rc/clk?jk=95fd73ad12d6fbbe&fccid=c5c99ec01e2125aa&vjs=3,AI engineer,2023-07-14,indeed
https://www.indeed.com/rc/clk?jk=f0a8ceeb66d59838&fccid=b45c4b5a9c9a7448&vjs=3,AI engineer,2023-07-14,indeed
https://www.indeed.com/rc/clk?jk=6033800d415d4fc8&fccid=5c115e58b0974167&vjs=3,AI engineer,2023-07-14,indeed
https://www.indeed.com/rc/clk?jk=95cd457cf1aecdb8&fccid=03024c8e4239efff&vjs=3,AI engineer,2023-07-14,indeed
https://www.indeed.com/rc/clk?jk=5050c45ee85362a7&fccid=6cdebd3a6977c60b&vjs=3,AI engineer,2023-07-14,indeed
https://www.indeed.com/rc/clk?jk=09c521e2b23f15ca&fccid=4e041af1d0af1bc8&vjs=3,AI engineer,2023-07-14,indeed
https://www.indeed.com/rc/clk?jk=7cdc351841ad1cb7&fccid=688da0708efbe570&vjs=3,AI engineer,2023-07-14,indeed
https://www.indeed.com/rc/clk?jk=decd3ebd60f6624e&fccid=acb260f46bc1e653&vjs=3,AI engineer,2023-07-14,indeed
"https://www.indeed.com/company/Novelis-Guthrie,-KY/jobs/Reliability-Engineer-2eecd884213be2c8?fccid=ef9ef50cf44a2507&vjs=3",AI engineer,2023-07-14,indeed
https://www.indeed.com/rc/clk?jk=67488c4b5860e1fb&fccid=f65dc27fae2e9bf3&vjs=3,AI engineer,2023-07-14,indeed
https://www.indeed.com/rc/clk?jk=31d108dcc09e443d&fccid=c46d0116f6e69eae&vjs=3,AI engineer,2023-07-14,indeed
https://www.indeed.com/rc/clk?jk=7e3ee015a591488d&fccid=55848991b19c1654&vjs=3,AI engineer,2023-07-14,indeed
https://www.indeed.com/rc/clk?jk=e515ecb042569cab&fccid=aeb15e43a6800b9d&vjs=3,AI engineer,2023-07-14,indeed
https://www.indeed.com/rc/clk?jk=de352df6469c54c8&fccid=060474ef1576996b&vjs=3,AI engineer,2023-07-14,indeed
https://www.indeed.com/rc/clk?jk=462e973dd17a255e&fccid=ac83e3328adafc41&vjs=3,AI engineer,2023-07-14,indeed
https://www.indeed.com/rc/clk?jk=96eb975a05bf8a39&fccid=f9b13aacd55ca265&vjs=3,AI engineer,2023-07-14,indeed
https://www.indeed.com/rc/clk?jk=7b6f0977a63a6e94&fccid=25d3835187829237&vjs=3,AI engineer,2023-07-14,indeed
https://www.indeed.com/company/New-Mexico-Institute-of-Mining-&-Technology/jobs/Software-Engineer-a5c4cf557fa108e9?fccid=2c25d5ecf8ef3306&vjs=3,AI engineer,2023-07-14,indeed
https://www.indeed.com/rc/clk?jk=8ca5a124b5c08bfa&fccid=f65dc27fae2e9bf3&vjs=3,AI engineer,2023-07-14,indeed
https://www.indeed.com/company/Drover-AI/jobs/Android-Developer-860218e522ba6915?fccid=d4dfef4454cbce43&vjs=3,AI engineer,2023-07-14,indeed
https://www.indeed.com/rc/clk?jk=ee54af4001a1df74&fccid=9e286d92947474cb&vjs=3,AI engineer,2023-07-14,indeed
https://www.indeed.com/company/HEROIC/jobs/Front-End-Developer-91cfa7d0a52c8c37?fccid=920bd10cd37b2ec6&vjs=3,AI engineer,2023-07-14,indeed
https://www.indeed.com/rc/clk?jk=d8876ff519c38c95&fccid=8ebb9d415b114e3f&vjs=3,AI engineer,2023-07-14,indeed
https://www.indeed.com/rc/clk?jk=64a8b80152828f87&fccid=d2bb4303c2edf0a5&vjs=3,AI engineer,2023-07-14,indeed
https://www.indeed.com/rc/clk?jk=2c8bceb45f4fbb5a&fccid=aeb15e43a6800b9d&vjs=3,AI engineer,2023-07-14,indeed
https://www.indeed.com/rc/clk?jk=60b90c2ffdf44698&fccid=1ae87f17de837caf&vjs=3,AI engineer,2023-07-14,indeed
https://www.indeed.com/rc/clk?jk=d1b8905f9bcd4e2a&fccid=44febd19aa990dbc&vjs=3,AI engineer,2023-07-14,indeed
https://www.indeed.com/rc/clk?jk=007c8fd61d5a42bb&fccid=da5c6e4355c115f6&vjs=3,AI engineer,2023-07-14,indeed
https://www.indeed.com/rc/clk?jk=366c1a0c77e2d2d2&fccid=c46d0116f6e69eae&vjs=3,AI engineer,2023-07-14,indeed
https://www.indeed.com/rc/clk?jk=51674bec92c7a6f6&fccid=48270b2eee62c2c6&vjs=3,AI engineer,2023-07-14,indeed
https://www.indeed.com/rc/clk?jk=0ffb4403f1530f6a&fccid=c2ccde89741d2131&vjs=3,AI engineer,2023-07-14,indeed
https://www.indeed.com/rc/clk?jk=c1f65da73fcf3469&fccid=30389e15a5e8b093&vjs=3,AI engineer,2023-07-14,indeed
https://www.indeed.com/rc/clk?jk=f26359aec1cb1bbf&fccid=5b75a1df86adb527&vjs=3,AI engineer,2023-07-14,indeed
https://www.indeed.com/rc/clk?jk=7eb36d9b8d9980fc&fccid=6ce9eba87609c3e9&vjs=3,AI engineer,2023-07-14,indeed
https://www.indeed.com/rc/clk?jk=295ad1ba14135e72&fccid=fa7b532d71fd974a&vjs=3,AI engineer,2023-07-14,indeed
